timestamp,duration_minutes,age_range,gender,professional_experience,locality,work_mode,designation,previous_treatment,treatments,treatments_other,knowledge_score_raw,knowledge_total_raw,k1,k2,k3,k4,k5,k6,k7,k8,k9,k10,a1,a2,a3,a4,a5,a6,a7,a8,a9,a10,p1,p2,p3,p4,p5,p6,p7,p8,p9,p10,geo_scope,city_cluster,locality_detail,mapping_reason,normalized_input,k1_label,k1_is_correct,k2_label,k2_is_correct,k3_label,k3_is_correct,k4_label,k4_is_correct,k5_label,k5_is_correct,k6_label,k6_is_correct,k7_label,k7_is_correct,k8_label,k8_is_correct,k9_label,k9_is_correct,k10_label,k10_is_correct,knowledge_score,knowledge_pct,a1_score,a2_score,a3_score,a4_score,a5_score,a6_score,a7_score,a8_score,a9_score,a10_score,attitude_score,attitude_pct,p1_label,p1_score,p2_label,p2_score,p3_label,p3_score,p4_label,p4_score,p5_label,p5_score,p6_label,p6_score,p7_label,p7_score,p8_label,p8_score,p9_label,p9_score,p10_label,p10_score,practice_index,practice_pct,knowledge_practice_gap,attitude_practice_gap
2026-02-21 04:34:32.742000+00:00,6,20-30 years,Female,0-3 years,Bangalore,Full time,Manager,Yes,Cleaning (Scaling),,10,10,1,0,2,0,3,0,2,1,3,2,Agree,Agree,Agree,Agree,Disagree,Strongly Agree,Strongly Agree,Agree,Strongly Agree,Strongly Agree,0,0,0,0,1,0,0,1,1,1,Bangalore,Bangalore,Bangalore (Unspecified),exact Bangalore mapping: Bangalore (Unspecified),bangalore,A soft film of bacteria and food debris on the teeth,1,Hard mineral deposit on the teeth,1,Bleeding gums while brushing,1,Dental plaque accumulation,1,Gum disease,1,Processed sugary foods and drinks,1,Vitamin C,1,It can contribute to heart disease and diabetes,1,Development of gum disease due to inflammation,1,Periodontics,1,10,100.0,3,3,3,3,3,4,4,2,4,4,33,82.5,Twice a day,3,Circular,3,Soft,3,Only morning,1,1-3 minutes,3,"Yes, everytime",3,Tongue scraper,1,Once in 6 months,1,0-6 months ago,3,No,3,24,80.0,20.0,2.5
2026-02-21 08:27:03.902000+00:00,6,30-40 years,Male,6-10 years,Bangalore,Hybrid,Design engineer,No,,,0,10,0,0,2,2,3,0,2,1,0,2,Disagree,Disagree,Disagree,Disagree,Disagree,Disagree,Disagree,Agree,Disagree,Disagree,2,0,0,0,1,1,1,0,3,1,Bangalore,Bangalore,Bangalore (Unspecified),exact Bangalore mapping: Bangalore (Unspecified),bangalore,Hard mineral deposit on the teeth,0,Hard mineral deposit on the teeth,1,Bleeding gums while brushing,1,Tooth decay,0,Gum disease,1,Processed sugary foods and drinks,1,Vitamin C,1,It can contribute to heart disease and diabetes,1,Increased salivary flow,0,Periodontics,1,7,70.0,2,2,2,2,3,2,2,2,2,2,21,52.5,Once a day,1,Circular,3,Soft,3,Only morning,1,1-3 minutes,3,Occasionally,2,Dental floss,2,Once in 3 months,3,More than a year,1,No,3,22,73.33333333333333,-3.3333333333333286,-20.83333333333333
2026-02-21 08:31:38.140000+00:00,6,20-30 years,Female,3-6 years,Nagercoil,Full time,Engineer,No,,,0,10,1,0,2,0,3,0,0,1,3,3,Disagree,Agree,Agree,Agree,Agree,Agree,Agree,Agree,Agree,Agree,0,0,0,2,1,0,2,1,3,1,Outside Bangalore,Nagercoil,Nagercoil,outside Bangalore or no Bangalore marker,nagercoil,A soft film of bacteria and food debris on the teeth,1,Hard mineral deposit on the teeth,1,Bleeding gums while brushing,1,Dental plaque accumulation,1,Gum disease,1,Processed sugary foods and drinks,1,Vitamin A,0,It can contribute to heart disease and diabetes,1,Development of gum disease due to inflammation,1,Endodontics,0,8,80.0,2,3,3,3,2,3,3,2,3,3,27,67.5,Twice a day,3,Circular,3,Soft,3,Both morning and night,3,1-3 minutes,3,"Yes, everytime",3,Toothpick,0,Once in 6 months,1,More than a year,1,No,3,23,76.66666666666667,3.3333333333333286,-9.166666666666671
2026-02-21 09:24:39.417000+00:00,4,20-30 years,Female,3-6 years,Bellandur,Full time,Associate consultant,No,,,0,10,1,3,2,3,3,0,2,2,3,1,Agree,Agree,Agree,Agree,Agree,Agree,Agree,Disagree,Agree,Agree,2,2,0,0,1,2,2,0,0,1,Bangalore,Bangalore,Bellandur,exact Bangalore mapping: Bellandur,bellandur,A soft film of bacteria and food debris on the teeth,1,Protective layer on the enamel,0,Bleeding gums while brushing,1,Lack of calcium,0,Gum disease,1,Processed sugary foods and drinks,1,Vitamin C,1,It lowers blood sugar levels,0,Development of gum disease due to inflammation,1,Prosthodontics,0,6,60.0,3,3,3,3,2,3,3,3,3,3,29,72.5,Once a day,1,Horizontal,0,Soft,3,Only morning,1,1-3 minutes,3,Never,0,Toothpick,0,Once in 3 months,3,Never,0,No,3,14,46.666666666666664,13.333333333333336,25.833333333333336
2026-02-21 09:31:41.713000+00:00,11,20-30 years,Female,3-6 years,Bangalore,Hybrid,Employee,No,,,0,10,1,0,2,0,3,0,2,1,3,2,Disagree,Disagree,Disagree,Disagree,Disagree,Disagree,Disagree,Disagree,Disagree,Disagree,0,0,0,2,1,0,0,0,1,1,Bangalore,Bangalore,Bangalore (Unspecified),exact Bangalore mapping: Bangalore (Unspecified),bangalore,A soft film of bacteria and food debris on the teeth,1,Hard mineral deposit on the teeth,1,Bleeding gums while brushing,1,Dental plaque accumulation,1,Gum disease,1,Processed sugary foods and drinks,1,Vitamin C,1,It can contribute to heart disease and diabetes,1,Development of gum disease due to inflammation,1,Periodontics,1,10,100.0,2,2,2,2,3,2,2,3,2,2,22,55.00000000000001,Twice a day,3,Circular,3,Soft,3,Both morning and night,3,1-3 minutes,3,"Yes, everytime",3,Tongue scraper,1,Once in 3 months,3,0-6 months ago,3,No,3,28,93.33333333333333,6.666666666666671,-38.33333333333332
2026-02-21 09:34:26.352000+00:00,4,20-30 years,Female,0-3 years,Bijapur,Work from home (Remote),Pharmacist,No,,,0,10,0,0,2,1,3,0,2,0,3,2,Strongly Disagree,Agree,Agree,Agree,Disagree,Agree,Agree,Agree,Agree,Agree,2,0,1,0,0,0,0,2,1,1,Outside Bangalore,Bijapur,Bijapur,outside Bangalore or no Bangalore marker,bijapur,Hard mineral deposit on the teeth,0,Hard mineral deposit on the teeth,1,Bleeding gums while brushing,1,Poor brushing technique,0,Gum disease,1,Processed sugary foods and drinks,1,Vitamin C,1,It boosts immunity,0,Development of gum disease due to inflammation,1,Periodontics,1,7,70.0,1,3,3,3,3,3,3,2,3,3,27,67.5,Once a day,1,Circular,3,Ultrasoft,2,Only morning,1,Less than 1 minute,0,"Yes, everytime",3,Tongue scraper,1,Once in a year,0,0-6 months ago,3,No,3,17,56.666666666666664,13.333333333333336,10.833333333333336
2026-02-21 09:40:16.807000+00:00,5,30-40 years,Female,3-6 years,Trichy,Full time,Bds,No,,,0,10,1,0,2,0,3,0,3,1,3,2,Disagree,Disagree,Disagree,Disagree,Disagree,Disagree,Disagree,Disagree,Disagree,Disagree,0,3,0,2,1,0,1,0,1,1,Outside Bangalore,Trichy,Trichy,outside Bangalore or no Bangalore marker,trichy,A soft film of bacteria and food debris on the teeth,1,Hard mineral deposit on the teeth,1,Bleeding gums while brushing,1,Dental plaque accumulation,1,Gum disease,1,Processed sugary foods and drinks,1,Vitamin D,0,It can contribute to heart disease and diabetes,1,Development of gum disease due to inflammation,1,Periodontics,1,9,90.0,2,2,2,2,3,2,2,3,2,2,22,55.00000000000001,Twice a day,3,Mixed,1,Soft,3,Both morning and night,3,1-3 minutes,3,"Yes, everytime",3,Dental floss,2,Once in 3 months,3,0-6 months ago,3,No,3,27,90.0,0.0,-34.99999999999999
2026-02-21 09:58:23.772000+00:00,6,20-30 years,Male,0-3 years,CV Raman Nagar,Hybrid,Engineer,No,,,0,10,0,3,2,2,0,0,2,2,0,3,Disagree,Agree,Disagree,Agree,Disagree,Agree,Agree,Agree,Disagree,Agree,2,3,2,0,1,0,2,1,3,1,Bangalore,Bangalore,CV Raman Nagar,exact Bangalore mapping: CV Raman Nagar,cv raman nagar,Hard mineral deposit on the teeth,0,Protective layer on the enamel,0,Bleeding gums while brushing,1,Tooth decay,0,Frequent brushing,0,Processed sugary foods and drinks,1,Vitamin C,1,It lowers blood sugar levels,0,Increased salivary flow,0,Endodontics,0,3,30.0,2,3,2,3,3,3,3,2,2,3,26,65.0,Once a day,1,Mixed,1,Medium,1,Only morning,1,1-3 minutes,3,"Yes, everytime",3,Toothpick,0,Once in 6 months,1,More than a year,1,No,3,15,50.0,-20.0,15.0
2026-02-21 10:15:17.278000+00:00,7,30-40 years,Male,10-15 years,Bangalore,Hybrid,Software Engineer,No,,,0,10,1,0,3,0,3,0,2,1,3,2,Strongly Agree,Strongly Agree,Strongly Agree,Strongly Agree,Strongly Agree,Strongly Agree,Strongly Agree,Strongly Agree,Strongly Agree,Strongly Agree,0,1,1,2,1,0,2,0,3,1,Bangalore,Bangalore,Bangalore (Unspecified),exact Bangalore mapping: Bangalore (Unspecified),bangalore,A soft film of bacteria and food debris on the teeth,1,Hard mineral deposit on the teeth,1,Jaw pain,0,Dental plaque accumulation,1,Gum disease,1,Processed sugary foods and drinks,1,Vitamin C,1,It can contribute to heart disease and diabetes,1,Development of gum disease due to inflammation,1,Periodontics,1,9,90.0,4,4,4,4,1,4,4,1,4,4,34,85.0,Twice a day,3,Vertical,2,Ultrasoft,2,Both morning and night,3,1-3 minutes,3,"Yes, everytime",3,Toothpick,0,Once in 3 months,3,More than a year,1,No,3,23,76.66666666666667,13.333333333333329,8.333333333333329
2026-02-21 11:23:26.974000+00:00,7,20-30 years,Female,3-6 years,Pune,Full time,SDE 2,No,,,0,10,0,0,2,0,3,0,1,1,3,2,Agree,Agree,Disagree,Agree,Disagree,Agree,Agree,Disagree,Agree,Agree,0,3,0,2,1,1,0,0,3,1,Outside Bangalore,Pune,Pune,outside Bangalore or no Bangalore marker,pune,Hard mineral deposit on the teeth,0,Hard mineral deposit on the teeth,1,Bleeding gums while brushing,1,Dental plaque accumulation,1,Gum disease,1,Processed sugary foods and drinks,1,Vitamin B,0,It can contribute to heart disease and diabetes,1,Development of gum disease due to inflammation,1,Periodontics,1,8,80.0,3,3,2,3,3,3,3,3,3,3,29,72.5,Twice a day,3,Mixed,1,Soft,3,Both morning and night,3,1-3 minutes,3,Occasionally,2,Tongue scraper,1,Once in 3 months,3,More than a year,1,No,3,23,76.66666666666667,3.3333333333333286,-4.166666666666671
2026-02-21 11:41:33.449000+00:00,5,20-30 years,Male,3-6 years,Marathahalli,Full time,Software Engineer,No,,,0,10,1,0,2,1,3,0,2,1,3,0,Agree,Agree,Strongly Disagree,Agree,Agree,Agree,Agree,Agree,Strongly Agree,Agree,2,3,0,0,1,0,0,0,3,1,Bangalore,Bangalore,Marathahalli,exact Bangalore mapping: Marathahalli,marathahalli,A soft film of bacteria and food debris on the teeth,1,Hard mineral deposit on the teeth,1,Bleeding gums while brushing,1,Poor brushing technique,0,Gum disease,1,Processed sugary foods and drinks,1,Vitamin C,1,It can contribute to heart disease and diabetes,1,Development of gum disease due to inflammation,1,Orthodontics,0,8,80.0,3,3,1,3,2,3,3,2,4,3,27,67.5,Once a day,1,Mixed,1,Soft,3,Only morning,1,1-3 minutes,3,"Yes, everytime",3,Tongue scraper,1,Once in 3 months,3,More than a year,1,No,3,20,66.66666666666666,13.333333333333343,0.8333333333333428
2026-02-21 11:48:08.711000+00:00,8,20-30 years,Female,3-6 years,Bellandur,Full time,Associate,No,,,0,10,1,0,2,0,3,0,2,0,3,2,Disagree,Strongly Agree,Disagree,Strongly Agree,Disagree,Agree,Agree,Disagree,Agree,Disagree,0,3,0,2,1,1,0,0,1,1,Bangalore,Bangalore,Bellandur,exact Bangalore mapping: Bellandur,bellandur,A soft film of bacteria and food debris on the teeth,1,Hard mineral deposit on the teeth,1,Bleeding gums while brushing,1,Dental plaque accumulation,1,Gum disease,1,Processed sugary foods and drinks,1,Vitamin C,1,It boosts immunity,0,Development of gum disease due to inflammation,1,Periodontics,1,9,90.0,2,4,2,4,3,3,3,3,3,2,29,72.5,Twice a day,3,Mixed,1,Soft,3,Both morning and night,3,1-3 minutes,3,Occasionally,2,Tongue scraper,1,Once in 3 months,3,0-6 months ago,3,No,3,25,83.33333333333334,6.666666666666657,-10.833333333333343
2026-02-21 12:24:25.830000+00:00,2,20-30 years,Male,0-3 years,Bengaluru,Full time,Software engineer,Yes,"Deep cleaning (Root planing), Cleaning (Scaling)",,0,10,0,0,0,0,0,1,0,1,0,1,Disagree,Disagree,Disagree,Strongly Disagree,Strongly Disagree,Strongly Disagree,Strongly Disagree,Strongly Disagree,Strongly Disagree,Strongly Disagree,0,0,0,0,0,0,0,0,0,0,Bangalore,Bangalore,Bangalore (Unspecified),exact Bangalore mapping: Bangalore (Unspecified),bengaluru,Hard mineral deposit on the teeth,0,Hard mineral deposit on the teeth,1,White spots on the teeth,0,Dental plaque accumulation,1,Frequent brushing,0,Leafy greens,0,Vitamin A,0,It can contribute to heart disease and diabetes,1,Increased salivary flow,0,Prosthodontics,0,3,30.0,2,2,2,1,4,1,1,4,1,1,19,47.5,Twice a day,3,Circular,3,Soft,3,Only morning,1,Less than 1 minute,0,"Yes, everytime",3,Tongue scraper,1,Once in 3 months,3,Never,0,Yes,0,17,56.666666666666664,-26.666666666666664,-9.166666666666664
2026-02-21 12:45:12.066000+00:00,5,20-30 years,Male,0-3 years,Chennai,Full time,Software developer,No,,,0,10,0,3,2,3,3,0,2,2,0,1,Agree,Agree,Agree,Agree,Disagree,Agree,Agree,Strongly Agree,Agree,Agree,2,3,0,0,3,0,0,3,0,1,Outside Bangalore,Chennai,Chennai,outside Bangalore or no Bangalore marker,chennai,Hard mineral deposit on the teeth,0,Protective layer on the enamel,0,Bleeding gums while brushing,1,Lack of calcium,0,Gum disease,1,Processed sugary foods and drinks,1,Vitamin C,1,It lowers blood sugar levels,0,Increased salivary flow,0,Prosthodontics,0,4,40.0,3,3,3,3,3,3,3,1,3,3,28,70.0,Once a day,1,Mixed,1,Soft,3,Only morning,1,More than 5 minutes,1,"Yes, everytime",3,Tongue scraper,1,When bristles wear out,2,Never,0,No,3,16,53.333333333333336,-13.333333333333336,16.666666666666664
2026-02-21 15:17:41.030000+00:00,7,20-30 years,Female,0-3 years,Banglore,Full time,Engineer,Yes,Cleaning (Scaling),,0,10,1,0,2,1,3,0,2,3,3,2,Disagree,Agree,Disagree,Agree,Agree,Agree,Agree,Agree,Agree,Disagree,2,3,0,0,2,1,2,1,2,2,Bangalore,Bangalore,Bangalore (Unspecified),exact Bangalore mapping: Bangalore (Unspecified),banglore,A soft film of bacteria and food debris on the teeth,1,Hard mineral deposit on the teeth,1,Bleeding gums while brushing,1,Poor brushing technique,0,Gum disease,1,Processed sugary foods and drinks,1,Vitamin C,1,It only affects the mouth and teeth,0,Development of gum disease due to inflammation,1,Periodontics,1,8,80.0,2,3,2,3,2,3,3,2,3,2,25,62.5,Once a day,1,Mixed,1,Soft,3,Only morning,1,3-5 minutes,2,Occasionally,2,Toothpick,0,Once in 6 months,1,7-12 months ago,2,Sometimes,1,14,46.666666666666664,33.333333333333336,15.833333333333336
2026-02-21 18:04:18.797000+00:00,7,20-30 years,Male,3-6 years,Kolkata,Work from home (Remote),Team Lead / RPA Specialist,No,,,0,10,0,2,3,0,3,0,0,1,3,3,Strongly Agree,Strongly Agree,Agree,Agree,Disagree,Agree,Disagree,Disagree,Disagree,Disagree,2,0,2,0,1,1,0,1,3,2,Outside Bangalore,Kolkata,Kolkata,outside Bangalore or no Bangalore marker,kolkata,Hard mineral deposit on the teeth,0,A soft film of bacteria and food debris,0,Jaw pain,0,Dental plaque accumulation,1,Gum disease,1,Processed sugary foods and drinks,1,Vitamin A,0,It can contribute to heart disease and diabetes,1,Development of gum disease due to inflammation,1,Endodontics,0,5,50.0,4,4,3,3,3,3,2,3,2,2,29,72.5,Once a day,1,Circular,3,Medium,1,Only morning,1,1-3 minutes,3,Occasionally,2,Tongue scraper,1,Once in 6 months,1,More than a year,1,Sometimes,1,15,50.0,0.0,22.5
2026-02-22 15:11:13.318000+00:00,7,20-30 years,Male,3-6 years,Hyderabad,Work from home (Remote),Marketing,No,,,0,10,1,0,3,1,3,0,3,1,3,2,Strongly Agree,Strongly Agree,Strongly Agree,Strongly Agree,Strongly Agree,Strongly Agree,Disagree,Disagree,Strongly Agree,Agree,2,0,0,0,1,1,0,1,3,1,Outside Bangalore,Hyderabad,Hyderabad,outside Bangalore or no Bangalore marker,hyderabad,A soft film of bacteria and food debris on the teeth,1,Hard mineral deposit on the teeth,1,Jaw pain,0,Poor brushing technique,0,Gum disease,1,Processed sugary foods and drinks,1,Vitamin D,0,It can contribute to heart disease and diabetes,1,Development of gum disease due to inflammation,1,Periodontics,1,7,70.0,4,4,4,4,1,4,2,3,4,3,33,82.5,Once a day,1,Circular,3,Soft,3,Only morning,1,1-3 minutes,3,Occasionally,2,Tongue scraper,1,Once in 6 months,1,More than a year,1,No,3,19,63.33333333333333,6.666666666666671,19.16666666666667
2026-02-22 17:20:48.172000+00:00,7,20-30 years,Male,3-6 years,Kovilpatti,Full time,Software Engineer,No,,,0,10,3,3,3,3,3,0,1,3,1,3,Disagree,Disagree,Agree,Disagree,Agree,Disagree,Agree,Disagree,Agree,Disagree,0,1,2,2,2,0,0,0,0,1,Outside Bangalore,Kovilpatti,Kovilpatti,outside Bangalore or no Bangalore marker,kovilpatti,Protective layer on the enamel,0,Protective layer on the enamel,0,Jaw pain,0,Lack of calcium,0,Gum disease,1,Processed sugary foods and drinks,1,Vitamin B,0,It only affects the mouth and teeth,0,Improved oral hygiene habits,0,Endodontics,0,2,20.0,2,2,3,2,2,2,3,3,3,2,24,60.0,Twice a day,3,Vertical,2,Medium,1,Both morning and night,3,3-5 minutes,2,"Yes, everytime",3,Tongue scraper,1,Once in 3 months,3,Never,0,No,3,21,70.0,-50.0,-10.0
2026-02-23 07:08:08.210000+00:00,22,20-30 years,Male,0-3 years,Bangalore,Hybrid,"Thiruvarur, Tamil Nadu",Yes,Deep cleaning (Root planing),,0,10,1,0,2,1,3,0,2,0,1,2,Strongly Agree,Disagree,Strongly Agree,Agree,Agree,Agree,Agree,Agree,Agree,Agree,2,3,0,0,1,3,2,3,1,1,Bangalore,Bangalore,Bangalore (Unspecified),exact Bangalore mapping: Bangalore (Unspecified),bangalore,A soft film of bacteria and food debris on the teeth,1,Hard mineral deposit on the teeth,1,Bleeding gums while brushing,1,Poor brushing technique,0,Gum disease,1,Processed sugary foods and drinks,1,Vitamin C,1,It boosts immunity,0,Improved oral hygiene habits,0,Periodontics,1,7,70.0,4,2,4,3,2,3,3,2,3,3,29,72.5,Once a day,1,Mixed,1,Soft,3,Only morning,1,1-3 minutes,3,Only after dinner,1,Toothpick,0,When bristles wear out,2,0-6 months ago,3,No,3,18,60.0,10.0,12.5
2026-02-23 07:18:45.587000+00:00,1,20-30 years,Male,6-10 years,Madurai,Full time,Developer,No,,,0,10,3,3,3,3,3,3,3,3,3,3,Strongly Disagree,Strongly Disagree,Strongly Disagree,Strongly Disagree,Strongly Agree,Strongly Agree,Strongly Agree,Strongly Agree,Strongly Agree,Strongly Agree,3,3,3,3,3,3,3,3,3,3,Outside Bangalore,Madurai,Madurai,outside Bangalore or no Bangalore marker,madurai,Protective layer on the enamel,0,Protective layer on the enamel,0,Jaw pain,0,Lack of calcium,0,Gum disease,1,Whole grains,0,Vitamin D,0,It only affects the mouth and teeth,0,Development of gum disease due to inflammation,1,Endodontics,0,2,20.0,1,1,1,1,1,4,4,1,4,4,22,55.00000000000001,Occasionally,0,Mixed,1,Hard,0,After lunch and breakfast,2,More than 5 minutes,1,Only after dinner,1,Both scraper and floss,3,When bristles wear out,2,More than a year,1,Have quit,2,13,43.333333333333336,-23.333333333333336,11.666666666666671
2026-02-23 07:21:30.691000+00:00,5,30-40 years,Male,10-15 years,Madurai,Full time,UI DEVELOPER,No,,,0,10,3,2,2,1,3,0,0,3,3,1,Disagree,Disagree,Agree,Agree,Agree,Agree,Agree,Agree,Disagree,Disagree,2,3,2,0,1,0,2,0,0,1,Outside Bangalore,Madurai,Madurai,outside Bangalore or no Bangalore marker,madurai,Protective layer on the enamel,0,A soft film of bacteria and food debris,0,Bleeding gums while brushing,1,Poor brushing technique,0,Gum disease,1,Processed sugary foods and drinks,1,Vitamin A,0,It only affects the mouth and teeth,0,Development of gum disease due to inflammation,1,Prosthodontics,0,4,40.0,2,2,3,3,2,3,3,2,2,2,24,60.0,Once a day,1,Mixed,1,Medium,1,Only morning,1,1-3 minutes,3,"Yes, everytime",3,Toothpick,0,Once in 3 months,3,Never,0,No,3,16,53.333333333333336,-13.333333333333336,6.666666666666664
2026-02-23 07:32:43.713000+00:00,16,40-50 years,Male,0-3 years,Madhavaram,Full time,Senior Software Developer,No,,,0,10,1,0,2,1,3,0,2,1,3,0,Agree,Agree,Disagree,Disagree,Disagree,Disagree,Agree,Disagree,Agree,Agree,2,3,0,0,1,1,0,0,3,1,Outside Bangalore,Madhavaram,Madhavaram,outside Bangalore or no Bangalore marker,madhavaram,A soft film of bacteria and food debris on the teeth,1,Hard mineral deposit on the teeth,1,Bleeding gums while brushing,1,Poor brushing technique,0,Gum disease,1,Processed sugary foods and drinks,1,Vitamin C,1,It can contribute to heart disease and diabetes,1,Development of gum disease due to inflammation,1,Orthodontics,0,8,80.0,3,3,2,2,3,2,3,3,3,3,27,67.5,Once a day,1,Mixed,1,Soft,3,Only morning,1,1-3 minutes,3,Occasionally,2,Tongue scraper,1,Once in 3 months,3,More than a year,1,No,3,19,63.33333333333333,16.66666666666667,4.166666666666671
2026-02-23 07:36:18.494000+00:00,5,20-30 years,Male,0-3 years,Nagercoil,Full time,Software Engineer,No,,,0,10,1,0,2,1,3,0,2,1,3,0,Strongly Disagree,Strongly Agree,Agree,Strongly Agree,Agree,Strongly Agree,Strongly Agree,Agree,Agree,Strongly Agree,2,3,0,0,1,0,1,0,1,1,Outside Bangalore,Nagercoil,Nagercoil,outside Bangalore or no Bangalore marker,nagercoil,A soft film of bacteria and food debris on the teeth,1,Hard mineral deposit on the teeth,1,Bleeding gums while brushing,1,Poor brushing technique,0,Gum disease,1,Processed sugary foods and drinks,1,Vitamin C,1,It can contribute to heart disease and diabetes,1,Development of gum disease due to inflammation,1,Orthodontics,0,8,80.0,1,4,3,4,2,4,4,2,3,4,31,77.5,Once a day,1,Mixed,1,Soft,3,Only morning,1,1-3 minutes,3,"Yes, everytime",3,Dental floss,2,Once in 3 months,3,0-6 months ago,3,No,3,23,76.66666666666667,3.3333333333333286,0.8333333333333286
2026-02-23 07:49:54.517000+00:00,5,30-40 years,Male,10-15 years,Madurai,Full time,Software Developer,No,,,0,10,1,0,3,2,3,0,2,3,3,0,Strongly Disagree,Strongly Disagree,Strongly Disagree,Strongly Disagree,Strongly Disagree,Agree,Agree,Agree,Agree,Agree,2,0,0,0,1,0,0,0,0,1,Outside Bangalore,Madurai,Madurai,outside Bangalore or no Bangalore marker,madurai,A soft film of bacteria and food debris on the teeth,1,Hard mineral deposit on the teeth,1,Jaw pain,0,Tooth decay,0,Gum disease,1,Processed sugary foods and drinks,1,Vitamin C,1,It only affects the mouth and teeth,0,Development of gum disease due to inflammation,1,Orthodontics,0,6,60.0,1,1,1,1,4,3,3,2,3,3,22,55.00000000000001,Once a day,1,Circular,3,Soft,3,Only morning,1,1-3 minutes,3,"Yes, everytime",3,Tongue scraper,1,Once in 3 months,3,Never,0,No,3,21,70.0,-10.0,-14.999999999999993
2026-02-23 08:41:37.335000+00:00,4,30-40 years,Male,10-15 years,Madurai,Full time,Member technical staff,No,,,0,10,0,0,3,2,0,2,0,0,0,2,Disagree,Disagree,Disagree,Disagree,Disagree,Disagree,Disagree,Disagree,Disagree,Disagree,0,2,1,2,1,2,0,0,0,1,Outside Bangalore,Madurai,Madurai,outside Bangalore or no Bangalore marker,madurai,Hard mineral deposit on the teeth,0,Hard mineral deposit on the teeth,1,Jaw pain,0,Tooth decay,0,Frequent brushing,0,Dairy products,0,Vitamin A,0,It boosts immunity,0,Increased salivary flow,0,Periodontics,1,2,20.0,2,2,2,2,3,2,2,3,2,2,22,55.00000000000001,Twice a day,3,Horizontal,0,Ultrasoft,2,Both morning and night,3,1-3 minutes,3,Never,0,Tongue scraper,1,Once in 3 months,3,Never,0,No,3,18,60.0,-40.0,-4.999999999999993
2026-02-23 08:53:01.607000+00:00,9,20-30 years,Male,3-6 years,Bommanahalli,Full time,SDE-2,Yes,"Cleaning (Scaling), Deep cleaning (Root planing)",,0,10,0,1,2,1,3,0,0,3,3,3,Agree,Agree,Agree,Strongly Agree,Disagree,Agree,Agree,Agree,Agree,Strongly Agree,0,0,1,2,1,0,3,0,3,1,Bangalore,Bangalore,Bommanahalli,exact Bangalore mapping: Bommanahalli,bommanahalli,Hard mineral deposit on the teeth,0,Stains caused by coffee or tea,0,Bleeding gums while brushing,1,Poor brushing technique,0,Gum disease,1,Processed sugary foods and drinks,1,Vitamin A,0,It only affects the mouth and teeth,0,Development of gum disease due to inflammation,1,Endodontics,0,4,40.0,3,3,3,4,3,3,3,2,3,4,31,77.5,Twice a day,3,Circular,3,Ultrasoft,2,Both morning and night,3,1-3 minutes,3,"Yes, everytime",3,Both scraper and floss,3,Once in 3 months,3,More than a year,1,No,3,27,90.0,-50.0,-12.5
2026-02-23 10:04:06.970000+00:00,7,30-40 years,Male,15+ years,Chikkanayakanahalli,Full time,Web Analytics - Technical Lead,No,,,0,10,0,0,2,0,3,0,2,3,3,2,Agree,Agree,Agree,Agree,Disagree,Agree,Agree,Disagree,Disagree,Agree,0,3,0,2,2,0,0,3,1,1,Bangalore,Bangalore,Chikkanayakanahalli,exact Bangalore mapping: Chikkanayakanahalli,chikkanayakanahalli,Hard mineral deposit on the teeth,0,Hard mineral deposit on the teeth,1,Bleeding gums while brushing,1,Dental plaque accumulation,1,Gum disease,1,Processed sugary foods and drinks,1,Vitamin C,1,It only affects the mouth and teeth,0,Development of gum disease due to inflammation,1,Periodontics,1,8,80.0,3,3,3,3,3,3,3,3,2,3,29,72.5,Twice a day,3,Mixed,1,Soft,3,Both morning and night,3,3-5 minutes,2,"Yes, everytime",3,Tongue scraper,1,When bristles wear out,2,0-6 months ago,3,No,3,24,80.0,0.0,-7.5
2026-02-23 10:43:16.222000+00:00,6,30-40 years,Male,10-15 years,JP Nagara,Full time,Manager,Yes,Deep cleaning (Root planing),,0,10,1,2,2,1,3,0,0,0,3,2,Agree,Agree,Agree,Agree,Disagree,Agree,Agree,Disagree,Agree,Agree,0,3,0,2,2,0,2,0,1,1,Bangalore,Bangalore,JP Nagar,exact Bangalore mapping: JP Nagar,jp nagara,A soft film of bacteria and food debris on the teeth,1,A soft film of bacteria and food debris,0,Bleeding gums while brushing,1,Poor brushing technique,0,Gum disease,1,Processed sugary foods and drinks,1,Vitamin A,0,It boosts immunity,0,Development of gum disease due to inflammation,1,Periodontics,1,6,60.0,3,3,3,3,3,3,3,3,3,3,30,75.0,Twice a day,3,Mixed,1,Soft,3,Both morning and night,3,3-5 minutes,2,"Yes, everytime",3,Toothpick,0,Once in 3 months,3,0-6 months ago,3,No,3,24,80.0,-20.0,-5.0
2026-02-23 10:52:25.471000+00:00,2,20-30 years,Male,0-3 years,Chennai,Full time,Software Engineer,No,,,0,10,2,0,3,1,0,0,3,0,1,0,Disagree,Strongly Agree,Strongly Agree,Strongly Agree,Disagree,Agree,Disagree,Agree,Agree,Agree,0,2,1,2,2,0,0,1,0,0,Outside Bangalore,Chennai,Chennai,outside Bangalore or no Bangalore marker,chennai,Stains caused by coffee or tea,0,Hard mineral deposit on the teeth,1,Jaw pain,0,Poor brushing technique,0,Frequent brushing,0,Processed sugary foods and drinks,1,Vitamin D,0,It boosts immunity,0,Improved oral hygiene habits,0,Orthodontics,0,2,20.0,2,4,4,4,3,3,2,2,3,3,30,75.0,Twice a day,3,Horizontal,0,Ultrasoft,2,Both morning and night,3,3-5 minutes,2,"Yes, everytime",3,Tongue scraper,1,Once in 6 months,1,Never,0,Yes,0,15,50.0,-30.0,25.0
2026-02-23 10:54:11.156000+00:00,4,30-40 years,Male,10-15 years,Jp nagar,Full time,Software engineer,Yes,"Cleaning (Scaling), Deep cleaning (Root planing)",,0,10,0,1,2,0,3,0,2,1,1,1,Strongly Disagree,Strongly Disagree,Strongly Disagree,Strongly Disagree,Strongly Disagree,Strongly Disagree,Strongly Disagree,Strongly Disagree,Strongly Disagree,Strongly Disagree,0,3,0,2,1,0,2,0,1,1,Bangalore,Bangalore,JP Nagar,exact Bangalore mapping: JP Nagar,jp nagar,Hard mineral deposit on the teeth,0,Stains caused by coffee or tea,0,Bleeding gums while brushing,1,Dental plaque accumulation,1,Gum disease,1,Processed sugary foods and drinks,1,Vitamin C,1,It can contribute to heart disease and diabetes,1,Improved oral hygiene habits,0,Prosthodontics,0,6,60.0,1,1,1,1,4,1,1,4,1,1,16,40.0,Twice a day,3,Mixed,1,Soft,3,Both morning and night,3,1-3 minutes,3,"Yes, everytime",3,Toothpick,0,Once in 3 months,3,0-6 months ago,3,No,3,25,83.33333333333334,-23.333333333333343,-43.33333333333334
2026-02-23 10:55:39.653000+00:00,4,20-30 years,Female,3-6 years,Nagercoil,Full time,Senior developer,No,,,0,10,1,0,2,0,3,0,2,1,3,2,Strongly Agree,Strongly Agree,Strongly Agree,Strongly Agree,Strongly Disagree,Strongly Agree,Strongly Disagree,Strongly Disagree,Strongly Agree,Strongly Agree,0,0,0,2,1,0,0,3,1,1,Outside Bangalore,Nagercoil,Nagercoil,outside Bangalore or no Bangalore marker,nagercoil,A soft film of bacteria and food debris on the teeth,1,Hard mineral deposit on the teeth,1,Bleeding gums while brushing,1,Dental plaque accumulation,1,Gum disease,1,Processed sugary foods and drinks,1,Vitamin C,1,It can contribute to heart disease and diabetes,1,Development of gum disease due to inflammation,1,Periodontics,1,10,100.0,4,4,4,4,4,4,1,4,4,4,37,92.5,Twice a day,3,Circular,3,Soft,3,Both morning and night,3,1-3 minutes,3,"Yes, everytime",3,Tongue scraper,1,When bristles wear out,2,0-6 months ago,3,No,3,27,90.0,10.0,2.5
2026-02-23 11:04:43.864000+00:00,8,30-40 years,Female,0-3 years,Jp nagar,Full time,Home maker,No,,,0,10,1,0,2,1,3,0,2,3,3,0,Strongly Disagree,Strongly Disagree,Strongly Disagree,Strongly Disagree,Strongly Disagree,Strongly Disagree,Strongly Disagree,Strongly Disagree,Strongly Disagree,Strongly Disagree,0,1,2,2,1,0,2,0,3,1,Bangalore,Bangalore,JP Nagar,exact Bangalore mapping: JP Nagar,jp nagar,A soft film of bacteria and food debris on the teeth,1,Hard mineral deposit on the teeth,1,Bleeding gums while brushing,1,Poor brushing technique,0,Gum disease,1,Processed sugary foods and drinks,1,Vitamin C,1,It only affects the mouth and teeth,0,Development of gum disease due to inflammation,1,Orthodontics,0,7,70.0,1,1,1,1,4,1,1,4,1,1,16,40.0,Twice a day,3,Vertical,2,Medium,1,Both morning and night,3,1-3 minutes,3,"Yes, everytime",3,Toothpick,0,Once in 3 months,3,More than a year,1,No,3,22,73.33333333333333,-3.3333333333333286,-33.33333333333333
2026-02-23 12:33:35.686000+00:00,5,20-30 years,Male,0-3 years,Hyderabad,Full time,Technical Consultant,No,,,0,10,1,2,0,2,3,0,1,1,3,3,Disagree,Disagree,Disagree,Disagree,Disagree,Disagree,Disagree,Disagree,Agree,Agree,0,1,0,2,1,0,0,0,3,1,Outside Bangalore,Hyderabad,Hyderabad,outside Bangalore or no Bangalore marker,hyderabad,A soft film of bacteria and food debris on the teeth,1,A soft film of bacteria and food debris,0,White spots on the teeth,0,Tooth decay,0,Gum disease,1,Processed sugary foods and drinks,1,Vitamin B,0,It can contribute to heart disease and diabetes,1,Development of gum disease due to inflammation,1,Endodontics,0,5,50.0,2,2,2,2,3,2,2,3,3,3,24,60.0,Twice a day,3,Vertical,2,Soft,3,Both morning and night,3,1-3 minutes,3,"Yes, everytime",3,Tongue scraper,1,Once in 3 months,3,More than a year,1,No,3,25,83.33333333333334,-33.33333333333334,-23.333333333333343
2026-02-23 13:18:24.818000+00:00,5,20-30 years,Male,0-3 years,Jp Nagar,Full time,Consultant- 1,No,,,0,10,1,2,2,0,3,0,0,0,3,2,Strongly Agree,Strongly Agree,Strongly Agree,Strongly Agree,Strongly Disagree,Strongly Agree,Disagree,Strongly Disagree,Strongly Agree,Strongly Agree,2,0,0,0,2,1,0,0,1,1,Bangalore,Bangalore,JP Nagar,exact Bangalore mapping: JP Nagar,jp nagar,A soft film of bacteria and food debris on the teeth,1,A soft film of bacteria and food debris,0,Bleeding gums while brushing,1,Dental plaque accumulation,1,Gum disease,1,Processed sugary foods and drinks,1,Vitamin A,0,It boosts immunity,0,Development of gum disease due to inflammation,1,Periodontics,1,7,70.0,4,4,4,4,4,4,2,4,4,4,38,95.0,Once a day,1,Circular,3,Soft,3,Only morning,1,3-5 minutes,2,Occasionally,2,Tongue scraper,1,Once in 3 months,3,0-6 months ago,3,No,3,22,73.33333333333333,-3.3333333333333286,21.66666666666667
2026-02-23 13:33:23.671000+00:00,7,20-30 years,Male,3-6 years,Bangalore,Full time,Manager,No,,,0,10,0,2,2,1,3,0,2,1,3,0,Strongly Agree,Agree,Agree,Strongly Agree,Disagree,Agree,Disagree,Strongly Disagree,Agree,Strongly Agree,2,0,1,2,1,0,1,3,1,1,Bangalore,Bangalore,Bangalore (Unspecified),exact Bangalore mapping: Bangalore (Unspecified),bangalore,Hard mineral deposit on the teeth,0,A soft film of bacteria and food debris,0,Bleeding gums while brushing,1,Poor brushing technique,0,Gum disease,1,Processed sugary foods and drinks,1,Vitamin C,1,It can contribute to heart disease and diabetes,1,Development of gum disease due to inflammation,1,Orthodontics,0,6,60.0,4,3,3,4,3,3,2,4,3,4,33,82.5,Once a day,1,Circular,3,Ultrasoft,2,Both morning and night,3,1-3 minutes,3,"Yes, everytime",3,Dental floss,2,When bristles wear out,2,0-6 months ago,3,No,3,25,83.33333333333334,-23.333333333333343,-0.8333333333333428
2026-02-23 13:39:26.612000+00:00,8,40-50 years,Male,15+ years,JP Nagar,Full time,Raosaheb M S,Yes,Cleaning (Scaling),,0,10,0,1,2,1,3,0,2,0,3,1,Agree,Agree,Agree,Agree,Agree,Agree,Agree,Agree,Agree,Agree,0,0,0,2,0,0,1,0,1,1,Bangalore,Bangalore,JP Nagar,exact Bangalore mapping: JP Nagar,jp nagar,Hard mineral deposit on the teeth,0,Stains caused by coffee or tea,0,Bleeding gums while brushing,1,Poor brushing technique,0,Gum disease,1,Processed sugary foods and drinks,1,Vitamin C,1,It boosts immunity,0,Development of gum disease due to inflammation,1,Prosthodontics,0,5,50.0,3,3,3,3,2,3,3,2,3,3,28,70.0,Twice a day,3,Circular,3,Soft,3,Both morning and night,3,Less than 1 minute,0,"Yes, everytime",3,Dental floss,2,Once in 3 months,3,0-6 months ago,3,No,3,26,86.66666666666667,-36.66666666666667,-16.66666666666667
2026-02-23 13:45:27.834000+00:00,5,50-60 years,Male,15+ years,Gottigere,Full time,Manager,No,,,0,10,1,1,0,1,3,0,3,1,3,2,Disagree,Disagree,Disagree,Disagree,Disagree,Disagree,Disagree,Agree,Agree,Agree,0,0,0,2,1,0,1,0,0,0,Bangalore,Bangalore,Gottigere,exact Bangalore mapping: Gottigere,gottigere,A soft film of bacteria and food debris on the teeth,1,Stains caused by coffee or tea,0,White spots on the teeth,0,Poor brushing technique,0,Gum disease,1,Processed sugary foods and drinks,1,Vitamin D,0,It can contribute to heart disease and diabetes,1,Development of gum disease due to inflammation,1,Periodontics,1,6,60.0,2,2,2,2,3,2,2,2,3,3,23,57.49999999999999,Twice a day,3,Circular,3,Soft,3,Both morning and night,3,1-3 minutes,3,"Yes, everytime",3,Dental floss,2,Once in 3 months,3,Never,0,Yes,0,23,76.66666666666667,-16.66666666666667,-19.16666666666668
2026-02-23 13:53:26.136000+00:00,9,30-40 years,Male,6-10 years,Bengaluru,Full time,"Manager, Sales Development Representative",No,,,0,10,2,0,2,2,3,0,3,1,3,2,Agree,Agree,Agree,Agree,Agree,Agree,Agree,Disagree,Disagree,Agree,0,3,2,2,1,0,3,0,2,1,Bangalore,Bangalore,Bangalore (Unspecified),exact Bangalore mapping: Bangalore (Unspecified),bengaluru,Stains caused by coffee or tea,0,Hard mineral deposit on the teeth,1,Bleeding gums while brushing,1,Tooth decay,0,Gum disease,1,Processed sugary foods and drinks,1,Vitamin D,0,It can contribute to heart disease and diabetes,1,Development of gum disease due to inflammation,1,Periodontics,1,7,70.0,3,3,3,3,2,3,3,3,2,3,28,70.0,Twice a day,3,Mixed,1,Medium,1,Both morning and night,3,1-3 minutes,3,"Yes, everytime",3,Both scraper and floss,3,Once in 3 months,3,7-12 months ago,2,No,3,25,83.33333333333334,-13.333333333333343,-13.333333333333343
2026-02-23 17:35:07.658000+00:00,6,20-30 years,Male,0-3 years,DODDABALLAPURA,Full time,Trainee,No,,,0,10,3,3,2,1,3,0,2,0,1,3,Strongly Disagree,Strongly Agree,Strongly Agree,Strongly Disagree,Strongly Agree,Strongly Agree,Strongly Agree,Strongly Agree,Strongly Agree,Strongly Disagree,2,2,2,0,1,3,2,1,3,1,Bangalore,Bangalore,Doddaballapura,exact Bangalore mapping: Doddaballapura,doddaballapura,Protective layer on the enamel,0,Protective layer on the enamel,0,Bleeding gums while brushing,1,Poor brushing technique,0,Gum disease,1,Processed sugary foods and drinks,1,Vitamin C,1,It boosts immunity,0,Improved oral hygiene habits,0,Endodontics,0,4,40.0,1,4,4,1,1,4,4,1,4,1,25,62.5,Once a day,1,Horizontal,0,Medium,1,Only morning,1,1-3 minutes,3,Only after dinner,1,Toothpick,0,Once in 6 months,1,More than a year,1,No,3,12,40.0,0.0,22.5
2026-02-24 08:42:38.170000+00:00,5,30-40 years,Female,6-10 years,Horamavu,Full time,General Dentist,No,,,0,10,1,0,2,0,3,0,0,1,3,2,Strongly Disagree,Strongly Disagree,Strongly Disagree,Strongly Disagree,Strongly Disagree,Strongly Disagree,Strongly Disagree,Strongly Disagree,Strongly Disagree,Strongly Disagree,0,1,1,2,1,0,3,0,0,1,Bangalore,Bangalore,Horamavu,exact Bangalore mapping: Horamavu,horamavu,A soft film of bacteria and food debris on the teeth,1,Hard mineral deposit on the teeth,1,Bleeding gums while brushing,1,Dental plaque accumulation,1,Gum disease,1,Processed sugary foods and drinks,1,Vitamin A,0,It can contribute to heart disease and diabetes,1,Development of gum disease due to inflammation,1,Periodontics,1,9,90.0,1,1,1,1,4,1,1,4,1,1,16,40.0,Twice a day,3,Vertical,2,Ultrasoft,2,Both morning and night,3,1-3 minutes,3,"Yes, everytime",3,Both scraper and floss,3,Once in 3 months,3,Never,0,No,3,25,83.33333333333334,6.666666666666657,-43.33333333333334
2026-02-24 08:58:05.131000+00:00,3,30-40 years,Male,10-15 years,Chennai,Full time,Manager,No,,,0,10,3,1,2,0,2,1,2,1,2,3,Strongly Disagree,Strongly Disagree,Strongly Disagree,Strongly Disagree,Strongly Disagree,Strongly Disagree,Strongly Disagree,Strongly Disagree,Strongly Disagree,Strongly Disagree,2,1,2,0,0,2,2,0,3,2,Outside Bangalore,Chennai,Chennai,outside Bangalore or no Bangalore marker,chennai,Protective layer on the enamel,0,Stains caused by coffee or tea,0,Bleeding gums while brushing,1,Dental plaque accumulation,1,Cold beverages,0,Leafy greens,0,Vitamin C,1,It can contribute to heart disease and diabetes,1,Strengthening of tooth enamel,0,Endodontics,0,4,40.0,1,1,1,1,4,1,1,4,1,1,16,40.0,Once a day,1,Vertical,2,Medium,1,Only morning,1,Less than 1 minute,0,Never,0,Toothpick,0,Once in 3 months,3,More than a year,1,Sometimes,1,10,33.33333333333333,6.666666666666671,6.666666666666671
2026-02-24 09:03:56.559000+00:00,11,20-30 years,Female,0-3 years,Chennai,Full time,Audit Inspector,No,,,0,10,0,0,2,0,3,0,2,1,3,1,Strongly Disagree,Agree,Agree,Strongly Disagree,Disagree,Strongly Agree,Agree,Agree,Agree,Strongly Agree,2,0,1,0,0,1,2,1,1,1,Outside Bangalore,Chennai,Chennai,outside Bangalore or no Bangalore marker,chennai,Hard mineral deposit on the teeth,0,Hard mineral deposit on the teeth,1,Bleeding gums while brushing,1,Dental plaque accumulation,1,Gum disease,1,Processed sugary foods and drinks,1,Vitamin C,1,It can contribute to heart disease and diabetes,1,Development of gum disease due to inflammation,1,Prosthodontics,0,8,80.0,1,3,3,1,3,4,3,2,3,4,27,67.5,Once a day,1,Circular,3,Ultrasoft,2,Only morning,1,Less than 1 minute,0,Occasionally,2,Toothpick,0,Once in 6 months,1,0-6 months ago,3,No,3,16,53.333333333333336,26.666666666666664,14.166666666666664
2026-02-24 09:05:16.185000+00:00,5,40-50 years,Male,15+ years,Thanjavur,Full time,Managing Director,Yes,Deep cleaning (Root planing),,0,10,0,0,2,1,2,0,3,0,0,0,Strongly Disagree,Strongly Disagree,Strongly Disagree,Strongly Disagree,Strongly Disagree,Strongly Disagree,Strongly Disagree,Strongly Disagree,Strongly Disagree,Strongly Disagree,2,2,0,0,0,0,1,0,1,1,Outside Bangalore,Thanjavur,Thanjavur,outside Bangalore or no Bangalore marker,thanjavur,Hard mineral deposit on the teeth,0,Hard mineral deposit on the teeth,1,Bleeding gums while brushing,1,Poor brushing technique,0,Cold beverages,0,Processed sugary foods and drinks,1,Vitamin D,0,It boosts immunity,0,Increased salivary flow,0,Orthodontics,0,3,30.0,1,1,1,1,4,1,1,4,1,1,16,40.0,Once a day,1,Horizontal,0,Soft,3,Only morning,1,Less than 1 minute,0,"Yes, everytime",3,Dental floss,2,Once in 3 months,3,0-6 months ago,3,No,3,19,63.33333333333333,-33.33333333333333,-23.33333333333333
2026-02-24 09:17:30.834000+00:00,2,30-40 years,Male,10-15 years,Bangalore,Hybrid,Sr ios developer,Yes,Cleaning (Scaling),,0,10,2,0,1,1,1,0,1,1,1,1,Agree,Agree,Agree,Agree,Agree,Agree,Agree,Agree,Agree,Agree,1,1,1,1,1,1,1,1,1,1,Bangalore,Bangalore,Bangalore (Unspecified),exact Bangalore mapping: Bangalore (Unspecified),bangalore,Stains caused by coffee or tea,0,Hard mineral deposit on the teeth,1,Dry mouth,0,Poor brushing technique,0,Chewing gum,0,Processed sugary foods and drinks,1,Vitamin B,0,It can contribute to heart disease and diabetes,1,Improved oral hygiene habits,0,Prosthodontics,0,3,30.0,3,3,3,3,2,3,3,2,3,3,28,70.0,Thrice a day,2,Vertical,2,Ultrasoft,2,Only night,1,1-3 minutes,3,Occasionally,2,Dental floss,2,Once in 6 months,1,0-6 months ago,3,No,3,21,70.0,-40.0,0.0
2026-02-24 10:27:20.679000+00:00,6,30-40 years,Male,15+ years,Chennai,Full time,Professor,No,,,0,10,3,2,2,3,3,0,3,3,3,2,Agree,Agree,Agree,Agree,Agree,Agree,Agree,Agree,Strongly Disagree,Agree,0,2,1,0,2,0,0,3,2,1,Outside Bangalore,Chennai,Chennai,outside Bangalore or no Bangalore marker,chennai,Protective layer on the enamel,0,A soft film of bacteria and food debris,0,Bleeding gums while brushing,1,Lack of calcium,0,Gum disease,1,Processed sugary foods and drinks,1,Vitamin D,0,It only affects the mouth and teeth,0,Development of gum disease due to inflammation,1,Periodontics,1,5,50.0,3,3,3,3,2,3,3,2,1,3,26,65.0,Twice a day,3,Horizontal,0,Ultrasoft,2,Only morning,1,3-5 minutes,2,"Yes, everytime",3,Tongue scraper,1,When bristles wear out,2,7-12 months ago,2,No,3,19,63.33333333333333,-13.333333333333329,1.6666666666666714
2026-02-24 10:44:44.559000+00:00,5,30-40 years,Female,3-6 years,Ramamurthy Nagar Bangalore,Full time,Hr practitioner,No,,,0,10,1,1,2,1,3,0,1,1,3,3,Disagree,Disagree,Disagree,Disagree,Disagree,Disagree,Disagree,Disagree,Disagree,Disagree,2,2,0,0,1,1,2,0,2,1,Bangalore,Bangalore,Ramamurthy Nagar,exact Bangalore mapping: Ramamurthy Nagar,ramamurthy nagar bangalore,A soft film of bacteria and food debris on the teeth,1,Stains caused by coffee or tea,0,Bleeding gums while brushing,1,Poor brushing technique,0,Gum disease,1,Processed sugary foods and drinks,1,Vitamin B,0,It can contribute to heart disease and diabetes,1,Development of gum disease due to inflammation,1,Endodontics,0,6,60.0,2,2,2,2,3,2,2,3,2,2,22,55.00000000000001,Once a day,1,Horizontal,0,Soft,3,Only morning,1,1-3 minutes,3,Occasionally,2,Toothpick,0,Once in 3 months,3,7-12 months ago,2,No,3,18,60.0,0.0,-4.999999999999993
2026-02-24 10:51:06.791000+00:00,15,20-30 years,Male,3-6 years,Bengaluru,Full time,Lead Software Developer,No,,,0,10,0,1,0,1,3,0,0,1,1,3,Disagree,Disagree,Agree,Agree,Agree,Agree,Agree,Agree,Agree,Agree,2,1,0,0,2,0,0,3,0,0,Bangalore,Bangalore,Bangalore (Unspecified),exact Bangalore mapping: Bangalore (Unspecified),bengaluru,Hard mineral deposit on the teeth,0,Stains caused by coffee or tea,0,White spots on the teeth,0,Poor brushing technique,0,Gum disease,1,Processed sugary foods and drinks,1,Vitamin A,0,It can contribute to heart disease and diabetes,1,Improved oral hygiene habits,0,Endodontics,0,3,30.0,2,2,3,3,2,3,3,2,3,3,26,65.0,Once a day,1,Vertical,2,Soft,3,Only morning,1,3-5 minutes,2,"Yes, everytime",3,Tongue scraper,1,When bristles wear out,2,Never,0,Yes,0,15,50.0,-20.0,15.0
2026-02-24 12:18:43.416000+00:00,138,20-30 years,Male,0-3 years,Sivakasi,Full time,Software engineer,No,,,0,10,2,0,2,1,3,0,2,1,3,2,Agree,Strongly Agree,Agree,Agree,Agree,Agree,Agree,Disagree,Agree,Agree,0,3,1,2,1,0,0,0,1,1,Outside Bangalore,Sivakasi,Sivakasi,outside Bangalore or no Bangalore marker,sivakasi,Stains caused by coffee or tea,0,Hard mineral deposit on the teeth,1,Bleeding gums while brushing,1,Poor brushing technique,0,Gum disease,1,Processed sugary foods and drinks,1,Vitamin C,1,It can contribute to heart disease and diabetes,1,Development of gum disease due to inflammation,1,Periodontics,1,8,80.0,3,4,3,3,2,3,3,3,3,3,30,75.0,Twice a day,3,Mixed,1,Ultrasoft,2,Both morning and night,3,1-3 minutes,3,"Yes, everytime",3,Tongue scraper,1,Once in 3 months,3,0-6 months ago,3,No,3,25,83.33333333333334,-3.333333333333343,-8.333333333333343
2026-02-24 14:12:28.982000+00:00,327,20-30 years,Female,3-6 years,"Harlur,Bangalore",Work from home (Remote),Developer,No,,,0,10,0,2,2,3,3,0,1,3,0,0,Agree,Agree,Agree,Agree,Agree,Agree,Disagree,Agree,Disagree,Agree,2,1,0,0,2,0,0,0,0,1,Bangalore,Bangalore,Harlur,exact Bangalore mapping: Harlur,harlur bangalore,Hard mineral deposit on the teeth,0,A soft film of bacteria and food debris,0,Bleeding gums while brushing,1,Lack of calcium,0,Gum disease,1,Processed sugary foods and drinks,1,Vitamin B,0,It only affects the mouth and teeth,0,Increased salivary flow,0,Orthodontics,0,3,30.0,3,3,3,3,2,3,2,2,2,3,26,65.0,Once a day,1,Vertical,2,Soft,3,Only morning,1,3-5 minutes,2,"Yes, everytime",3,Tongue scraper,1,Once in 3 months,3,Never,0,No,3,19,63.33333333333333,-33.33333333333333,1.6666666666666714
2026-02-24 14:27:23.874000+00:00,5,20-30 years,Female,6-10 years,Chennai,Full time,Senior Specialist,No,,,0,10,1,3,2,1,3,0,2,1,3,2,Disagree,Disagree,Agree,Agree,Disagree,Agree,Agree,Disagree,Disagree,Agree,0,0,0,0,1,0,0,0,3,1,Outside Bangalore,Chennai,Chennai,outside Bangalore or no Bangalore marker,chennai,A soft film of bacteria and food debris on the teeth,1,Protective layer on the enamel,0,Bleeding gums while brushing,1,Poor brushing technique,0,Gum disease,1,Processed sugary foods and drinks,1,Vitamin C,1,It can contribute to heart disease and diabetes,1,Development of gum disease due to inflammation,1,Periodontics,1,8,80.0,2,2,3,3,3,3,3,3,2,3,27,67.5,Twice a day,3,Circular,3,Soft,3,Only morning,1,1-3 minutes,3,"Yes, everytime",3,Tongue scraper,1,Once in 3 months,3,More than a year,1,No,3,24,80.0,0.0,-12.5
2026-02-24 15:37:05.174000+00:00,4,20-30 years,Male,3-6 years,Chennai,Full time,Automation engineer,No,,,0,10,2,1,2,1,3,0,3,3,0,1,Disagree,Disagree,Agree,Agree,Agree,Disagree,Agree,Agree,Disagree,Agree,0,0,0,2,1,0,0,0,0,3,Outside Bangalore,Chennai,Chennai,outside Bangalore or no Bangalore marker,chennai,Stains caused by coffee or tea,0,Stains caused by coffee or tea,0,Bleeding gums while brushing,1,Poor brushing technique,0,Gum disease,1,Processed sugary foods and drinks,1,Vitamin D,0,It only affects the mouth and teeth,0,Increased salivary flow,0,Prosthodontics,0,3,30.0,2,2,3,3,2,2,3,2,2,3,24,60.0,Twice a day,3,Circular,3,Soft,3,Both morning and night,3,1-3 minutes,3,"Yes, everytime",3,Tongue scraper,1,Once in 3 months,3,Never,0,Have quit,2,24,80.0,-50.0,-20.0
2026-02-24 22:05:03.287000+00:00,290,30-40 years,Male,10-15 years,United States of America,Full time,Software Performance Engineer,No,,,0,10,1,2,2,1,3,0,0,1,3,0,Agree,Agree,Disagree,Agree,Disagree,Agree,Agree,Disagree,Agree,Agree,2,0,0,0,3,0,3,1,0,1,Outside Bangalore,United States of America,United States of America,outside Bangalore or no Bangalore marker,united states of america,A soft film of bacteria and food debris on the teeth,1,A soft film of bacteria and food debris,0,Bleeding gums while brushing,1,Poor brushing technique,0,Gum disease,1,Processed sugary foods and drinks,1,Vitamin A,0,It can contribute to heart disease and diabetes,1,Development of gum disease due to inflammation,1,Orthodontics,0,6,60.0,3,3,2,3,3,3,3,3,3,3,29,72.5,Once a day,1,Circular,3,Soft,3,Only morning,1,More than 5 minutes,1,"Yes, everytime",3,Both scraper and floss,3,Once in 6 months,1,Never,0,No,3,19,63.33333333333333,-3.3333333333333286,9.166666666666671
2026-02-25 14:17:39.716000+00:00,4,20-30 years,Male,6-10 years,Madiwala,Full time,SaaS Engineer,No,,,0,10,1,0,2,3,3,2,2,3,3,1,Agree,Agree,Agree,Agree,Agree,Agree,Agree,Disagree,Agree,Agree,0,0,0,2,3,3,2,0,3,1,Bangalore,Bangalore,Madiwala,exact Bangalore mapping: Madiwala,madiwala,A soft film of bacteria and food debris on the teeth,1,Hard mineral deposit on the teeth,1,Bleeding gums while brushing,1,Lack of calcium,0,Gum disease,1,Dairy products,0,Vitamin C,1,It only affects the mouth and teeth,0,Development of gum disease due to inflammation,1,Prosthodontics,0,6,60.0,3,3,3,3,2,3,3,3,3,3,29,72.5,Twice a day,3,Circular,3,Soft,3,Both morning and night,3,More than 5 minutes,1,Only after dinner,1,Toothpick,0,Once in 3 months,3,More than a year,1,No,3,21,70.0,-10.0,2.5
2026-02-25 16:09:02.206000+00:00,4,20-30 years,Male,0-3 years,Bangalore,Hybrid,Software engineer,No,,,0,10,1,3,2,1,3,0,2,3,3,0,Agree,Agree,Agree,Agree,Disagree,Agree,Agree,Disagree,Disagree,Agree,0,3,0,2,1,1,3,0,3,1,Bangalore,Bangalore,Bangalore (Unspecified),exact Bangalore mapping: Bangalore (Unspecified),bangalore,A soft film of bacteria and food debris on the teeth,1,Protective layer on the enamel,0,Bleeding gums while brushing,1,Poor brushing technique,0,Gum disease,1,Processed sugary foods and drinks,1,Vitamin C,1,It only affects the mouth and teeth,0,Development of gum disease due to inflammation,1,Orthodontics,0,6,60.0,3,3,3,3,3,3,3,3,2,3,29,72.5,Twice a day,3,Mixed,1,Soft,3,Both morning and night,3,1-3 minutes,3,Occasionally,2,Both scraper and floss,3,Once in 3 months,3,More than a year,1,No,3,25,83.33333333333334,-23.333333333333343,-10.833333333333343
2026-02-25 16:09:54.891000+00:00,5,40-50 years,Male,15+ years,Bengaluru,Work from home (Remote),Senior management,Yes,Cleaning (Scaling),,0,10,0,2,2,1,3,0,1,1,3,3,Strongly Agree,Agree,Disagree,Agree,Disagree,Agree,Agree,Disagree,Agree,Agree,0,1,2,2,1,1,1,0,1,2,Bangalore,Bangalore,Bangalore (Unspecified),exact Bangalore mapping: Bangalore (Unspecified),bengaluru,Hard mineral deposit on the teeth,0,A soft film of bacteria and food debris,0,Bleeding gums while brushing,1,Poor brushing technique,0,Gum disease,1,Processed sugary foods and drinks,1,Vitamin B,0,It can contribute to heart disease and diabetes,1,Development of gum disease due to inflammation,1,Endodontics,0,5,50.0,4,3,2,3,3,3,3,3,3,3,30,75.0,Twice a day,3,Vertical,2,Medium,1,Both morning and night,3,1-3 minutes,3,Occasionally,2,Dental floss,2,Once in 3 months,3,0-6 months ago,3,Sometimes,1,23,76.66666666666667,-26.66666666666667,-1.6666666666666714
2026-02-25 17:58:03+00:00,4,20-30 years,Female,0-3 years,Chromepet,Hybrid,Post graduate,No,,,0,10,1,0,2,0,3,0,2,1,3,2,Agree,Agree,Agree,Agree,Agree,Agree,Agree,Disagree,Agree,Agree,0,0,0,2,1,0,0,0,3,1,Outside Bangalore,Chromepet,Chromepet,outside Bangalore or no Bangalore marker,chromepet,A soft film of bacteria and food debris on the teeth,1,Hard mineral deposit on the teeth,1,Bleeding gums while brushing,1,Dental plaque accumulation,1,Gum disease,1,Processed sugary foods and drinks,1,Vitamin C,1,It can contribute to heart disease and diabetes,1,Development of gum disease due to inflammation,1,Periodontics,1,10,100.0,3,3,3,3,2,3,3,3,3,3,29,72.5,Twice a day,3,Circular,3,Soft,3,Both morning and night,3,1-3 minutes,3,"Yes, everytime",3,Tongue scraper,1,Once in 3 months,3,More than a year,1,No,3,26,86.66666666666667,13.333333333333329,-14.166666666666671
2026-02-25 18:22:03.902000+00:00,4,40-50 years,Prefer not to say,15+ years,Bangalore,Hybrid,SVP,No,,,0,10,1,0,2,0,3,0,2,1,3,2,Agree,Agree,Agree,Agree,Disagree,Agree,Agree,Disagree,Agree,Agree,0,0,0,2,1,2,1,1,3,1,Bangalore,Bangalore,Bangalore (Unspecified),exact Bangalore mapping: Bangalore (Unspecified),bangalore,A soft film of bacteria and food debris on the teeth,1,Hard mineral deposit on the teeth,1,Bleeding gums while brushing,1,Dental plaque accumulation,1,Gum disease,1,Processed sugary foods and drinks,1,Vitamin C,1,It can contribute to heart disease and diabetes,1,Development of gum disease due to inflammation,1,Periodontics,1,10,100.0,3,3,3,3,3,3,3,3,3,3,30,75.0,Twice a day,3,Circular,3,Soft,3,Both morning and night,3,1-3 minutes,3,Never,0,Dental floss,2,Once in 6 months,1,More than a year,1,No,3,22,73.33333333333333,26.66666666666667,1.6666666666666714
2026-02-26 09:13:57.008000+00:00,7,30-40 years,Male,6-10 years,Bangalore,Full time,Software engineer,No,,,0,10,0,1,2,3,2,0,3,1,3,1,Strongly Agree,Strongly Agree,Agree,Strongly Agree,Disagree,Agree,Agree,Disagree,Disagree,Strongly Agree,0,3,0,2,2,0,2,0,1,2,Bangalore,Bangalore,Bangalore (Unspecified),exact Bangalore mapping: Bangalore (Unspecified),bangalore,Hard mineral deposit on the teeth,0,Stains caused by coffee or tea,0,Bleeding gums while brushing,1,Lack of calcium,0,Cold beverages,0,Processed sugary foods and drinks,1,Vitamin D,0,It can contribute to heart disease and diabetes,1,Development of gum disease due to inflammation,1,Prosthodontics,0,4,40.0,4,4,3,4,3,3,3,3,2,4,33,82.5,Twice a day,3,Mixed,1,Soft,3,Both morning and night,3,3-5 minutes,2,"Yes, everytime",3,Toothpick,0,Once in 3 months,3,0-6 months ago,3,Sometimes,1,22,73.33333333333333,-33.33333333333333,9.166666666666671
2026-02-26 09:39:24.817000+00:00,8,20-30 years,Female,0-3 years,"RR nagar, Bangalore",Full time,Endosontist,No,,,0,10,1,0,2,0,3,0,2,1,3,2,Strongly Disagree,Agree,Agree,Agree,Disagree,Agree,Agree,Disagree,Agree,Agree,0,3,0,2,1,0,3,0,3,1,Bangalore,Bangalore,RR Nagar,exact Bangalore mapping: RR Nagar,rr nagar bangalore,A soft film of bacteria and food debris on the teeth,1,Hard mineral deposit on the teeth,1,Bleeding gums while brushing,1,Dental plaque accumulation,1,Gum disease,1,Processed sugary foods and drinks,1,Vitamin C,1,It can contribute to heart disease and diabetes,1,Development of gum disease due to inflammation,1,Periodontics,1,10,100.0,1,3,3,3,3,3,3,3,3,3,28,70.0,Twice a day,3,Mixed,1,Soft,3,Both morning and night,3,1-3 minutes,3,"Yes, everytime",3,Both scraper and floss,3,Once in 3 months,3,More than a year,1,No,3,26,86.66666666666667,13.333333333333329,-16.66666666666667
2026-02-26 13:51:27.664000+00:00,3,20-30 years,Female,0-3 years,Neyveli,Full time,BDS,Yes,Cleaning (Scaling),,0,10,1,0,2,0,3,0,2,1,3,2,Strongly Agree,Strongly Agree,Strongly Agree,Strongly Agree,Disagree,Disagree,Agree,Disagree,Strongly Agree,Strongly Agree,0,3,0,2,2,0,1,0,1,1,Outside Bangalore,Neyveli,Neyveli,outside Bangalore or no Bangalore marker,neyveli,A soft film of bacteria and food debris on the teeth,1,Hard mineral deposit on the teeth,1,Bleeding gums while brushing,1,Dental plaque accumulation,1,Gum disease,1,Processed sugary foods and drinks,1,Vitamin C,1,It can contribute to heart disease and diabetes,1,Development of gum disease due to inflammation,1,Periodontics,1,10,100.0,4,4,4,4,3,2,3,3,4,4,35,87.5,Twice a day,3,Mixed,1,Soft,3,Both morning and night,3,3-5 minutes,2,"Yes, everytime",3,Dental floss,2,Once in 3 months,3,0-6 months ago,3,No,3,26,86.66666666666667,13.333333333333329,0.8333333333333286
2026-02-26 13:57:42.854000+00:00,4,20-30 years,Female,3-6 years,HSR layout,Full time,BDS,Yes,Cleaning (Scaling),,0,10,1,2,2,0,2,0,3,1,3,2,Strongly Disagree,Strongly Disagree,Strongly Agree,Strongly Agree,Strongly Disagree,Strongly Disagree,Strongly Agree,Strongly Disagree,Strongly Agree,Strongly Agree,2,0,0,0,1,0,1,0,1,1,Bangalore,Bangalore,HSR Layout,exact Bangalore mapping: HSR Layout,hsr layout,A soft film of bacteria and food debris on the teeth,1,A soft film of bacteria and food debris,0,Bleeding gums while brushing,1,Dental plaque accumulation,1,Cold beverages,0,Processed sugary foods and drinks,1,Vitamin D,0,It can contribute to heart disease and diabetes,1,Development of gum disease due to inflammation,1,Periodontics,1,7,70.0,1,1,4,4,4,1,4,4,4,4,31,77.5,Once a day,1,Circular,3,Soft,3,Only morning,1,1-3 minutes,3,"Yes, everytime",3,Dental floss,2,Once in 3 months,3,0-6 months ago,3,No,3,25,83.33333333333334,-13.333333333333343,-5.833333333333343
2026-02-26 14:01:13.239000+00:00,9,30-40 years,Male,10-15 years,Chennai,Work from home (Remote),Tax Analyst,No,,,0,10,1,0,2,0,3,0,2,1,3,2,Agree,Agree,Agree,Strongly Agree,Disagree,Agree,Agree,Disagree,Agree,Strongly Agree,0,0,0,2,1,0,1,0,3,2,Outside Bangalore,Chennai,Chennai,outside Bangalore or no Bangalore marker,chennai,A soft film of bacteria and food debris on the teeth,1,Hard mineral deposit on the teeth,1,Bleeding gums while brushing,1,Dental plaque accumulation,1,Gum disease,1,Processed sugary foods and drinks,1,Vitamin C,1,It can contribute to heart disease and diabetes,1,Development of gum disease due to inflammation,1,Periodontics,1,10,100.0,3,3,3,4,3,3,3,3,3,4,32,80.0,Twice a day,3,Circular,3,Soft,3,Both morning and night,3,1-3 minutes,3,"Yes, everytime",3,Dental floss,2,Once in 3 months,3,More than a year,1,Sometimes,1,25,83.33333333333334,16.666666666666657,-3.333333333333343
2026-02-26 14:20:56.674000+00:00,6,20-30 years,Male,6-10 years,Whitefield,Full time,Senior Tech support executive,No,,,0,10,0,0,2,0,3,0,3,1,3,2,Agree,Strongly Disagree,Agree,Agree,Disagree,Agree,Disagree,Disagree,Agree,Strongly Agree,0,0,2,2,1,1,1,3,0,1,Bangalore,Bangalore,Whitefield,exact Bangalore mapping: Whitefield,whitefield,Hard mineral deposit on the teeth,0,Hard mineral deposit on the teeth,1,Bleeding gums while brushing,1,Dental plaque accumulation,1,Gum disease,1,Processed sugary foods and drinks,1,Vitamin D,0,It can contribute to heart disease and diabetes,1,Development of gum disease due to inflammation,1,Periodontics,1,8,80.0,3,1,3,3,3,3,2,3,3,4,28,70.0,Twice a day,3,Circular,3,Medium,1,Both morning and night,3,1-3 minutes,3,Occasionally,2,Dental floss,2,When bristles wear out,2,Never,0,No,3,22,73.33333333333333,6.666666666666671,-3.3333333333333286
2026-02-26 14:27:18.893000+00:00,6,20-30 years,Male,6-10 years,Koramangala,Work from home (Remote),Software Engineer,No,,,0,10,0,1,2,3,3,0,1,2,3,0,Agree,Agree,Agree,Agree,Disagree,Agree,Disagree,Disagree,Agree,Agree,2,3,1,0,1,1,0,0,3,1,Bangalore,Bangalore,Koramangala,exact Bangalore mapping: Koramangala,koramangala,Hard mineral deposit on the teeth,0,Stains caused by coffee or tea,0,Bleeding gums while brushing,1,Lack of calcium,0,Gum disease,1,Processed sugary foods and drinks,1,Vitamin B,0,It lowers blood sugar levels,0,Development of gum disease due to inflammation,1,Orthodontics,0,4,40.0,3,3,3,3,3,3,2,3,3,3,29,72.5,Once a day,1,Mixed,1,Ultrasoft,2,Only morning,1,1-3 minutes,3,Occasionally,2,Tongue scraper,1,Once in 3 months,3,More than a year,1,No,3,18,60.0,-20.0,12.5
2026-02-26 16:18:29.762000+00:00,5,20-30 years,Male,0-3 years,Chennai,Full time,Developer,Yes,Deep cleaning (Root planing),Implant,0,10,1,3,2,0,3,0,2,1,1,0,Agree,Agree,Agree,Agree,Agree,Disagree,Agree,Agree,Agree,Agree,0,3,2,2,1,1,0,0,1,1,Outside Bangalore,Chennai,Chennai,outside Bangalore or no Bangalore marker,chennai,A soft film of bacteria and food debris on the teeth,1,Protective layer on the enamel,0,Bleeding gums while brushing,1,Dental plaque accumulation,1,Gum disease,1,Processed sugary foods and drinks,1,Vitamin C,1,It can contribute to heart disease and diabetes,1,Improved oral hygiene habits,0,Orthodontics,0,7,70.0,3,3,3,3,2,2,3,2,3,3,27,67.5,Twice a day,3,Mixed,1,Medium,1,Both morning and night,3,1-3 minutes,3,Occasionally,2,Tongue scraper,1,Once in 3 months,3,0-6 months ago,3,No,3,23,76.66666666666667,-6.666666666666671,-9.166666666666671
2026-02-26 16:23:51.619000+00:00,3,20-30 years,Male,3-6 years,Hsr layout,Full time,Lead Engineer,No,,,0,10,1,1,2,1,2,0,3,1,3,2,Disagree,Agree,Agree,Agree,Disagree,Agree,Agree,Disagree,Agree,Agree,0,0,0,2,0,0,2,0,1,1,Bangalore,Bangalore,HSR Layout,exact Bangalore mapping: HSR Layout,hsr layout,A soft film of bacteria and food debris on the teeth,1,Stains caused by coffee or tea,0,Bleeding gums while brushing,1,Poor brushing technique,0,Cold beverages,0,Processed sugary foods and drinks,1,Vitamin D,0,It can contribute to heart disease and diabetes,1,Development of gum disease due to inflammation,1,Periodontics,1,6,60.0,2,3,3,3,3,3,3,3,3,3,29,72.5,Twice a day,3,Circular,3,Soft,3,Both morning and night,3,Less than 1 minute,0,"Yes, everytime",3,Toothpick,0,Once in 3 months,3,0-6 months ago,3,No,3,24,80.0,-20.0,-7.5
2026-02-26 16:26:45.717000+00:00,5,20-30 years,Male,3-6 years,Chennai,Full time,Ai - mostion graphics designer,No,,,0,10,3,3,1,3,0,2,3,2,3,0,Strongly Agree,Strongly Disagree,Strongly Agree,Strongly Disagree,Strongly Agree,Strongly Agree,Strongly Agree,Strongly Agree,Strongly Agree,Strongly Agree,2,3,2,0,2,0,3,0,2,1,Outside Bangalore,Chennai,Chennai,outside Bangalore or no Bangalore marker,chennai,Protective layer on the enamel,0,Protective layer on the enamel,0,Dry mouth,0,Lack of calcium,0,Frequent brushing,0,Dairy products,0,Vitamin D,0,It lowers blood sugar levels,0,Development of gum disease due to inflammation,1,Orthodontics,0,1,10.0,4,1,4,1,1,4,4,1,4,4,28,70.0,Once a day,1,Mixed,1,Medium,1,Only morning,1,3-5 minutes,2,"Yes, everytime",3,Both scraper and floss,3,Once in 3 months,3,7-12 months ago,2,No,3,20,66.66666666666666,-56.66666666666666,3.333333333333343
2026-02-26 16:35:27.576000+00:00,6,30-40 years,Female,6-10 years,Guduvancheri,Hybrid,MTS,No,,,0,10,0,2,2,1,3,0,1,2,3,2,Agree,Agree,Disagree,Agree,Disagree,Agree,Agree,Disagree,Disagree,Agree,0,3,1,0,1,1,0,0,2,1,Outside Bangalore,Guduvancheri,Guduvancheri,outside Bangalore or no Bangalore marker,guduvancheri,Hard mineral deposit on the teeth,0,A soft film of bacteria and food debris,0,Bleeding gums while brushing,1,Poor brushing technique,0,Gum disease,1,Processed sugary foods and drinks,1,Vitamin B,0,It lowers blood sugar levels,0,Development of gum disease due to inflammation,1,Periodontics,1,5,50.0,3,3,2,3,3,3,3,3,2,3,28,70.0,Twice a day,3,Mixed,1,Ultrasoft,2,Only morning,1,1-3 minutes,3,Occasionally,2,Tongue scraper,1,Once in 3 months,3,7-12 months ago,2,No,3,21,70.0,-20.0,0.0
2026-02-26 17:37:35.340000+00:00,2,20-30 years,Male,0-3 years,Bengaluru,Full time,Consultant,No,,,0,10,0,2,1,0,3,1,2,3,1,2,Agree,Agree,Disagree,Agree,Agree,Disagree,Agree,Agree,Disagree,Agree,0,0,0,2,1,0,0,1,0,1,Bangalore,Bangalore,Bangalore (Unspecified),exact Bangalore mapping: Bangalore (Unspecified),bengaluru,Hard mineral deposit on the teeth,0,A soft film of bacteria and food debris,0,Dry mouth,0,Dental plaque accumulation,1,Gum disease,1,Leafy greens,0,Vitamin C,1,It only affects the mouth and teeth,0,Improved oral hygiene habits,0,Periodontics,1,4,40.0,3,3,2,3,2,2,3,2,2,3,25,62.5,Twice a day,3,Circular,3,Soft,3,Both morning and night,3,1-3 minutes,3,"Yes, everytime",3,Tongue scraper,1,Once in 6 months,1,Never,0,No,3,23,76.66666666666667,-36.66666666666667,-14.166666666666671
2026-02-26 17:40:54.894000+00:00,8,20-30 years,Female,6-10 years,Whitefield,Work from home (Remote),Sr. SDR,No,,,0,10,1,0,2,1,3,0,1,0,0,2,Strongly Agree,Strongly Agree,Agree,Strongly Agree,Disagree,Disagree,Agree,Disagree,Agree,Strongly Agree,0,2,0,2,1,0,0,0,3,1,Bangalore,Bangalore,Whitefield,exact Bangalore mapping: Whitefield,whitefield,A soft film of bacteria and food debris on the teeth,1,Hard mineral deposit on the teeth,1,Bleeding gums while brushing,1,Poor brushing technique,0,Gum disease,1,Processed sugary foods and drinks,1,Vitamin B,0,It boosts immunity,0,Increased salivary flow,0,Periodontics,1,6,60.0,4,4,3,4,3,2,3,3,3,4,33,82.5,Twice a day,3,Horizontal,0,Soft,3,Both morning and night,3,1-3 minutes,3,"Yes, everytime",3,Tongue scraper,1,Once in 3 months,3,More than a year,1,No,3,23,76.66666666666667,-16.66666666666667,5.833333333333329
2026-02-26 17:55:18.016000+00:00,8,30-40 years,Female,6-10 years,Shanti Nagar,Full time,Sr ML Engineer,No,,,0,10,1,0,2,0,3,0,0,1,3,2,Strongly Agree,Strongly Agree,Agree,Strongly Agree,Strongly Disagree,Strongly Agree,Strongly Agree,Strongly Disagree,Agree,Strongly Agree,0,1,0,2,2,1,3,1,1,2,Bangalore,Bangalore,Shanti Nagar,exact Bangalore mapping: Shanti Nagar,shanti nagar,A soft film of bacteria and food debris on the teeth,1,Hard mineral deposit on the teeth,1,Bleeding gums while brushing,1,Dental plaque accumulation,1,Gum disease,1,Processed sugary foods and drinks,1,Vitamin A,0,It can contribute to heart disease and diabetes,1,Development of gum disease due to inflammation,1,Periodontics,1,9,90.0,4,4,3,4,4,4,4,4,3,4,38,95.0,Twice a day,3,Vertical,2,Soft,3,Both morning and night,3,3-5 minutes,2,Occasionally,2,Both scraper and floss,3,Once in 6 months,1,0-6 months ago,3,Sometimes,1,23,76.66666666666667,13.333333333333329,18.33333333333333
2026-02-26 19:08:29.036000+00:00,4,30-40 years,Male,6-10 years,Yeshwantpur,Full time,Assistant manager,No,,,0,10,2,3,2,1,3,0,0,3,3,0,Strongly Disagree,Disagree,Disagree,Disagree,Disagree,Disagree,Disagree,Disagree,Disagree,Disagree,2,0,1,0,1,0,1,0,3,0,Bangalore,Bangalore,Yeshwantpur,exact Bangalore mapping: Yeshwantpur,yeshwantpur,Stains caused by coffee or tea,0,Protective layer on the enamel,0,Bleeding gums while brushing,1,Poor brushing technique,0,Gum disease,1,Processed sugary foods and drinks,1,Vitamin A,0,It only affects the mouth and teeth,0,Development of gum disease due to inflammation,1,Orthodontics,0,4,40.0,1,2,2,2,3,2,2,3,2,2,21,52.5,Once a day,1,Circular,3,Ultrasoft,2,Only morning,1,1-3 minutes,3,"Yes, everytime",3,Dental floss,2,Once in 3 months,3,More than a year,1,Yes,0,19,63.33333333333333,-23.33333333333333,-10.833333333333329
2026-02-26 21:12:31.209000+00:00,7,20-30 years,Female,6-10 years,Bangalore,Full time,Software engineer,Yes,Cleaning (Scaling),,0,10,1,1,2,0,3,0,2,3,3,2,Strongly Agree,Strongly Agree,Agree,Strongly Agree,Strongly Disagree,Strongly Agree,Agree,Strongly Agree,Agree,Strongly Agree,0,0,0,2,1,0,3,0,1,1,Bangalore,Bangalore,Bangalore (Unspecified),exact Bangalore mapping: Bangalore (Unspecified),bangalore,A soft film of bacteria and food debris on the teeth,1,Stains caused by coffee or tea,0,Bleeding gums while brushing,1,Dental plaque accumulation,1,Gum disease,1,Processed sugary foods and drinks,1,Vitamin C,1,It only affects the mouth and teeth,0,Development of gum disease due to inflammation,1,Periodontics,1,8,80.0,4,4,3,4,4,4,3,1,3,4,34,85.0,Twice a day,3,Circular,3,Soft,3,Both morning and night,3,1-3 minutes,3,"Yes, everytime",3,Both scraper and floss,3,Once in 3 months,3,0-6 months ago,3,No,3,30,100.0,-20.0,-15.0
2026-02-27 01:31:42.838000+00:00,608,30-40 years,Male,15+ years,Hyderabad,Full time,Project manager,Yes,Deep cleaning (Root planing),,0,10,3,3,3,2,3,0,1,3,3,0,Disagree,Disagree,Agree,Agree,Agree,Disagree,Disagree,Agree,Agree,Agree,0,0,0,2,1,0,2,0,3,1,Outside Bangalore,Hyderabad,Hyderabad,outside Bangalore or no Bangalore marker,hyderabad,Protective layer on the enamel,0,Protective layer on the enamel,0,Jaw pain,0,Tooth decay,0,Gum disease,1,Processed sugary foods and drinks,1,Vitamin B,0,It only affects the mouth and teeth,0,Development of gum disease due to inflammation,1,Orthodontics,0,3,30.0,2,2,3,3,2,2,2,2,3,3,24,60.0,Twice a day,3,Circular,3,Soft,3,Both morning and night,3,1-3 minutes,3,"Yes, everytime",3,Toothpick,0,Once in 3 months,3,More than a year,1,No,3,25,83.33333333333334,-53.33333333333334,-23.333333333333343
2026-02-27 01:41:14.808000+00:00,6,20-30 years,Male,3-6 years,Nagercoil,Hybrid,Research Analyst,No,,,0,10,1,0,2,1,3,0,2,1,1,3,Disagree,Disagree,Disagree,Disagree,Disagree,Disagree,Disagree,Disagree,Disagree,Disagree,1,1,1,1,1,1,1,1,1,1,Outside Bangalore,Nagercoil,Nagercoil,outside Bangalore or no Bangalore marker,nagercoil,A soft film of bacteria and food debris on the teeth,1,Hard mineral deposit on the teeth,1,Bleeding gums while brushing,1,Poor brushing technique,0,Gum disease,1,Processed sugary foods and drinks,1,Vitamin C,1,It can contribute to heart disease and diabetes,1,Improved oral hygiene habits,0,Endodontics,0,7,70.0,2,2,2,2,3,2,2,3,2,2,22,55.00000000000001,Thrice a day,2,Vertical,2,Ultrasoft,2,Only night,1,1-3 minutes,3,Occasionally,2,Dental floss,2,Once in 6 months,1,0-6 months ago,3,No,3,21,70.0,0.0,-14.999999999999993
2026-02-27 02:00:58.136000+00:00,42,20-30 years,Female,3-6 years,Tenkasi,Full time,General dentist,No,,,0,10,1,0,2,0,3,0,2,1,3,2,Agree,Agree,Agree,Agree,Disagree,Agree,Agree,Agree,Agree,Agree,0,3,0,2,1,1,0,0,1,1,Outside Bangalore,Tenkasi,Tenkasi,outside Bangalore or no Bangalore marker,tenkasi,A soft film of bacteria and food debris on the teeth,1,Hard mineral deposit on the teeth,1,Bleeding gums while brushing,1,Dental plaque accumulation,1,Gum disease,1,Processed sugary foods and drinks,1,Vitamin C,1,It can contribute to heart disease and diabetes,1,Development of gum disease due to inflammation,1,Periodontics,1,10,100.0,3,3,3,3,3,3,3,2,3,3,29,72.5,Twice a day,3,Mixed,1,Soft,3,Both morning and night,3,1-3 minutes,3,Occasionally,2,Tongue scraper,1,Once in 3 months,3,0-6 months ago,3,No,3,25,83.33333333333334,16.666666666666657,-10.833333333333343
2026-02-27 03:13:29.737000+00:00,6,20-30 years,Male,3-6 years,Banglore,Full time,Senior executive,No,,,0,10,1,3,2,2,3,2,3,3,3,2,Disagree,Disagree,Agree,Strongly Disagree,Strongly Agree,Strongly Agree,Disagree,Disagree,Disagree,Strongly Agree,0,0,2,2,1,0,0,0,1,1,Bangalore,Bangalore,Bangalore (Unspecified),exact Bangalore mapping: Bangalore (Unspecified),banglore,A soft film of bacteria and food debris on the teeth,1,Protective layer on the enamel,0,Bleeding gums while brushing,1,Tooth decay,0,Gum disease,1,Dairy products,0,Vitamin D,0,It only affects the mouth and teeth,0,Development of gum disease due to inflammation,1,Periodontics,1,5,50.0,2,2,3,1,1,4,2,3,2,4,24,60.0,Twice a day,3,Circular,3,Medium,1,Both morning and night,3,1-3 minutes,3,"Yes, everytime",3,Tongue scraper,1,Once in 3 months,3,0-6 months ago,3,No,3,26,86.66666666666667,-36.66666666666667,-26.66666666666667
2026-02-27 06:28:37.626000+00:00,4,30-40 years,Male,10-15 years,HSR Layout,Full time,Senior software engineer,No,,,0,10,0,2,1,0,3,0,3,0,1,2,Agree,Agree,Agree,Agree,Agree,Agree,Agree,Agree,Agree,Agree,1,2,1,3,3,1,3,1,3,1,Bangalore,Bangalore,HSR Layout,exact Bangalore mapping: HSR Layout,hsr layout,Hard mineral deposit on the teeth,0,A soft film of bacteria and food debris,0,Dry mouth,0,Dental plaque accumulation,1,Gum disease,1,Processed sugary foods and drinks,1,Vitamin D,0,It boosts immunity,0,Improved oral hygiene habits,0,Periodontics,1,4,40.0,3,3,3,3,2,3,3,2,3,3,28,70.0,Thrice a day,2,Horizontal,0,Ultrasoft,2,After lunch and breakfast,2,More than 5 minutes,1,Occasionally,2,Both scraper and floss,3,Once in 6 months,1,More than a year,1,No,3,17,56.666666666666664,-16.666666666666664,13.333333333333336
2026-02-27 06:29:36.617000+00:00,5,30-40 years,Female,6-10 years,Bangalore,Full time,MTS,No,,,0,10,0,0,3,1,3,2,0,0,0,2,Strongly Disagree,Agree,Agree,Agree,Agree,Agree,Agree,Agree,Agree,Agree,0,2,0,3,2,3,0,3,3,3,Bangalore,Bangalore,Bangalore (Unspecified),exact Bangalore mapping: Bangalore (Unspecified),bangalore,Hard mineral deposit on the teeth,0,Hard mineral deposit on the teeth,1,Jaw pain,0,Poor brushing technique,0,Gum disease,1,Dairy products,0,Vitamin A,0,It boosts immunity,0,Increased salivary flow,0,Periodontics,1,3,30.0,1,3,3,3,2,3,3,2,3,3,26,65.0,Twice a day,3,Horizontal,0,Soft,3,After lunch and breakfast,2,3-5 minutes,2,Only after dinner,1,Tongue scraper,1,When bristles wear out,2,More than a year,1,Have quit,2,17,56.666666666666664,-26.666666666666664,8.333333333333336
2026-02-27 06:31:12.884000+00:00,6,20-30 years,Female,0-3 years,Bellandur,Full time,SDE 1,No,,,0,10,0,1,2,2,3,0,1,3,3,3,Agree,Agree,Agree,Agree,Disagree,Agree,Disagree,Disagree,Agree,Agree,2,2,2,0,2,0,2,0,1,1,Bangalore,Bangalore,Bellandur,exact Bangalore mapping: Bellandur,bellandur,Hard mineral deposit on the teeth,0,Stains caused by coffee or tea,0,Bleeding gums while brushing,1,Tooth decay,0,Gum disease,1,Processed sugary foods and drinks,1,Vitamin B,0,It only affects the mouth and teeth,0,Development of gum disease due to inflammation,1,Endodontics,0,4,40.0,3,3,3,3,3,3,2,3,3,3,29,72.5,Once a day,1,Horizontal,0,Medium,1,Only morning,1,3-5 minutes,2,"Yes, everytime",3,Toothpick,0,Once in 3 months,3,0-6 months ago,3,No,3,17,56.666666666666664,-16.666666666666664,15.833333333333336
2026-02-27 06:51:26.078000+00:00,5,30-40 years,Male,6-10 years,Pune,Full time,Senior engineer,No,,,0,10,0,0,2,1,3,0,2,0,3,2,Disagree,Disagree,Disagree,Disagree,Disagree,Disagree,Disagree,Disagree,Disagree,Disagree,2,2,2,0,1,1,0,1,3,0,Outside Bangalore,Pune,Pune,outside Bangalore or no Bangalore marker,pune,Hard mineral deposit on the teeth,0,Hard mineral deposit on the teeth,1,Bleeding gums while brushing,1,Poor brushing technique,0,Gum disease,1,Processed sugary foods and drinks,1,Vitamin C,1,It boosts immunity,0,Development of gum disease due to inflammation,1,Periodontics,1,7,70.0,2,2,2,2,3,2,2,3,2,2,22,55.00000000000001,Once a day,1,Horizontal,0,Medium,1,Only morning,1,1-3 minutes,3,Occasionally,2,Tongue scraper,1,Once in 6 months,1,More than a year,1,Yes,0,11,36.666666666666664,33.333333333333336,18.333333333333343
2026-02-27 06:55:59.331000+00:00,6,40-50 years,Male,15+ years,Haralur,Full time,Mgr,No,,,0,10,2,1,1,1,1,1,1,1,1,3,Strongly Disagree,Strongly Agree,Disagree,Disagree,Disagree,Disagree,Disagree,Agree,Agree,Agree,2,2,2,0,1,1,0,1,1,0,Bangalore,Bangalore,Harlur,exact Bangalore mapping: Harlur,haralur,Stains caused by coffee or tea,0,Stains caused by coffee or tea,0,Dry mouth,0,Poor brushing technique,0,Chewing gum,0,Leafy greens,0,Vitamin B,0,It can contribute to heart disease and diabetes,1,Improved oral hygiene habits,0,Endodontics,0,1,10.0,1,4,2,2,3,2,2,2,3,3,24,60.0,Once a day,1,Horizontal,0,Medium,1,Only morning,1,1-3 minutes,3,Occasionally,2,Tongue scraper,1,Once in 6 months,1,0-6 months ago,3,Yes,0,13,43.333333333333336,-33.333333333333336,16.666666666666664
2026-02-27 06:56:06.329000+00:00,11,30-40 years,Male,10-15 years,Whitefield,Full time,Staff Software Engineer,No,,,0,10,1,0,2,0,3,0,2,1,0,3,Agree,Agree,Disagree,Agree,Disagree,Agree,Agree,Agree,Agree,Agree,0,0,0,2,1,1,2,0,2,1,Bangalore,Bangalore,Whitefield,exact Bangalore mapping: Whitefield,whitefield,A soft film of bacteria and food debris on the teeth,1,Hard mineral deposit on the teeth,1,Bleeding gums while brushing,1,Dental plaque accumulation,1,Gum disease,1,Processed sugary foods and drinks,1,Vitamin C,1,It can contribute to heart disease and diabetes,1,Increased salivary flow,0,Endodontics,0,8,80.0,3,3,2,3,3,3,3,2,3,3,28,70.0,Twice a day,3,Circular,3,Soft,3,Both morning and night,3,1-3 minutes,3,Occasionally,2,Toothpick,0,Once in 3 months,3,7-12 months ago,2,No,3,25,83.33333333333334,-3.333333333333343,-13.333333333333343
2026-02-27 07:51:52.710000+00:00,541,20-30 years,Male,0-3 years,Chennai,Full time,Software Engineer,Yes,Deep cleaning (Root planing),,0,10,2,3,3,2,3,0,1,1,3,2,Strongly Agree,Strongly Agree,Disagree,Strongly Agree,Agree,Agree,Agree,Disagree,Disagree,Agree,2,3,2,0,1,1,2,3,1,1,Outside Bangalore,Chennai,Chennai,outside Bangalore or no Bangalore marker,chennai,Stains caused by coffee or tea,0,Protective layer on the enamel,0,Jaw pain,0,Tooth decay,0,Gum disease,1,Processed sugary foods and drinks,1,Vitamin B,0,It can contribute to heart disease and diabetes,1,Development of gum disease due to inflammation,1,Periodontics,1,5,50.0,4,4,2,4,2,3,3,3,2,3,30,75.0,Once a day,1,Mixed,1,Medium,1,Only morning,1,1-3 minutes,3,Occasionally,2,Toothpick,0,When bristles wear out,2,0-6 months ago,3,No,3,17,56.666666666666664,-6.666666666666664,18.333333333333336
2026-02-27 08:09:20.395000+00:00,7,20-30 years,Female,0-3 years,Erode,Full time,Internship,No,,,0,10,0,0,0,1,2,0,2,3,3,3,Agree,Agree,Agree,Agree,Agree,Agree,Agree,Disagree,Agree,Disagree,2,3,2,0,1,2,0,0,0,1,Outside Bangalore,Erode,Erode,outside Bangalore or no Bangalore marker,erode,Hard mineral deposit on the teeth,0,Hard mineral deposit on the teeth,1,White spots on the teeth,0,Poor brushing technique,0,Cold beverages,0,Processed sugary foods and drinks,1,Vitamin C,1,It only affects the mouth and teeth,0,Development of gum disease due to inflammation,1,Endodontics,0,4,40.0,3,3,3,3,2,3,3,3,3,2,28,70.0,Once a day,1,Mixed,1,Medium,1,Only morning,1,1-3 minutes,3,Never,0,Tongue scraper,1,Once in 3 months,3,Never,0,No,3,14,46.666666666666664,-6.666666666666664,23.333333333333336
2026-02-27 08:26:17.632000+00:00,5,20-30 years,Male,0-3 years,Whitefield,Full time,Data Analyst,Yes,,Got a tooth cap because it was half broken,0,10,1,1,2,2,3,1,0,0,1,0,Disagree,Agree,Disagree,Disagree,Agree,Disagree,Disagree,Disagree,Agree,Disagree,0,0,0,2,1,1,2,3,1,1,Bangalore,Bangalore,Whitefield,exact Bangalore mapping: Whitefield,whitefield,A soft film of bacteria and food debris on the teeth,1,Stains caused by coffee or tea,0,Bleeding gums while brushing,1,Tooth decay,0,Gum disease,1,Leafy greens,0,Vitamin A,0,It boosts immunity,0,Improved oral hygiene habits,0,Orthodontics,0,3,30.0,2,3,2,2,2,2,2,3,3,2,23,57.49999999999999,Twice a day,3,Circular,3,Soft,3,Both morning and night,3,1-3 minutes,3,Occasionally,2,Toothpick,0,When bristles wear out,2,0-6 months ago,3,No,3,25,83.33333333333334,-53.33333333333334,-25.83333333333335
2026-02-27 10:00:44.994000+00:00,4,20-30 years,Male,0-3 years,Jp nagar 2nd phase,Hybrid,B,No,,,0,10,1,0,2,1,3,0,2,1,3,2,Agree,Agree,Agree,Agree,Disagree,Agree,Agree,Strongly Agree,Strongly Agree,Strongly Agree,2,2,0,0,1,0,0,0,1,1,Bangalore,Bangalore,JP Nagar,exact Bangalore mapping: JP Nagar,jp nagar 2nd phase,A soft film of bacteria and food debris on the teeth,1,Hard mineral deposit on the teeth,1,Bleeding gums while brushing,1,Poor brushing technique,0,Gum disease,1,Processed sugary foods and drinks,1,Vitamin C,1,It can contribute to heart disease and diabetes,1,Development of gum disease due to inflammation,1,Periodontics,1,9,90.0,3,3,3,3,3,3,3,1,4,4,30,75.0,Once a day,1,Horizontal,0,Soft,3,Only morning,1,1-3 minutes,3,"Yes, everytime",3,Tongue scraper,1,Once in 3 months,3,0-6 months ago,3,No,3,21,70.0,20.0,5.0
2026-02-27 10:22:12.322000+00:00,5,30-40 years,Male,6-10 years,Indiranagar,Full time,TEAM LEAD,Yes,"Deep cleaning (Root planing), Cleaning (Scaling)",,0,10,1,2,2,2,3,0,3,1,3,1,Strongly Disagree,Disagree,Disagree,Disagree,Disagree,Disagree,Disagree,Disagree,Disagree,Strongly Disagree,0,0,0,0,1,0,2,1,1,1,Bangalore,Bangalore,Indiranagar,exact Bangalore mapping: Indiranagar,indiranagar,A soft film of bacteria and food debris on the teeth,1,A soft film of bacteria and food debris,0,Bleeding gums while brushing,1,Tooth decay,0,Gum disease,1,Processed sugary foods and drinks,1,Vitamin D,0,It can contribute to heart disease and diabetes,1,Development of gum disease due to inflammation,1,Prosthodontics,0,6,60.0,1,2,2,2,3,2,2,3,2,1,20,50.0,Twice a day,3,Circular,3,Soft,3,Only morning,1,1-3 minutes,3,"Yes, everytime",3,Toothpick,0,Once in 6 months,1,0-6 months ago,3,No,3,23,76.66666666666667,-16.66666666666667,-26.66666666666667
2026-02-27 12:02:53.183000+00:00,6,20-30 years,Male,3-6 years,HAL,Full time,BDS,Yes,Cleaning (Scaling),,0,10,1,0,2,1,3,0,2,1,3,2,Agree,Agree,Agree,Strongly Agree,Strongly Disagree,Strongly Agree,Agree,Strongly Disagree,Agree,Strongly Agree,0,3,0,2,1,0,0,1,2,1,Bangalore,Bangalore,HAL,exact Bangalore mapping: HAL,hal,A soft film of bacteria and food debris on the teeth,1,Hard mineral deposit on the teeth,1,Bleeding gums while brushing,1,Poor brushing technique,0,Gum disease,1,Processed sugary foods and drinks,1,Vitamin C,1,It can contribute to heart disease and diabetes,1,Development of gum disease due to inflammation,1,Periodontics,1,9,90.0,3,3,3,4,4,4,3,4,3,4,35,87.5,Twice a day,3,Mixed,1,Soft,3,Both morning and night,3,1-3 minutes,3,"Yes, everytime",3,Tongue scraper,1,Once in 6 months,1,7-12 months ago,2,No,3,23,76.66666666666667,13.333333333333329,10.833333333333329
2026-02-28 02:08:25.379000+00:00,5,20-30 years,Male,6-10 years,Guduvanchery,Full time,Manager,No,,,0,10,1,1,2,1,3,0,3,2,3,0,Strongly Disagree,Strongly Disagree,Strongly Agree,Strongly Agree,Strongly Agree,Strongly Agree,Strongly Disagree,Strongly Agree,Strongly Disagree,Strongly Disagree,2,2,2,0,2,0,2,3,0,1,Outside Bangalore,Guduvancheri,Guduvancheri,outside Bangalore or no Bangalore marker,guduvanchery,A soft film of bacteria and food debris on the teeth,1,Stains caused by coffee or tea,0,Bleeding gums while brushing,1,Poor brushing technique,0,Gum disease,1,Processed sugary foods and drinks,1,Vitamin D,0,It lowers blood sugar levels,0,Development of gum disease due to inflammation,1,Orthodontics,0,5,50.0,1,1,4,4,1,4,1,1,1,1,19,47.5,Once a day,1,Horizontal,0,Medium,1,Only morning,1,3-5 minutes,2,"Yes, everytime",3,Toothpick,0,When bristles wear out,2,Never,0,No,3,13,43.333333333333336,6.666666666666664,4.166666666666664
2026-02-28 04:06:56.625000+00:00,8,20-30 years,Female,0-3 years,Coimbatore,Full time,Doctor,No,,,0,10,1,0,2,0,3,0,2,0,3,2,Disagree,Agree,Agree,Agree,Strongly Agree,Agree,Agree,Disagree,Agree,Agree,0,0,0,2,1,1,0,0,1,1,Outside Bangalore,Coimbatore,Coimbatore,outside Bangalore or no Bangalore marker,coimbatore,A soft film of bacteria and food debris on the teeth,1,Hard mineral deposit on the teeth,1,Bleeding gums while brushing,1,Dental plaque accumulation,1,Gum disease,1,Processed sugary foods and drinks,1,Vitamin C,1,It boosts immunity,0,Development of gum disease due to inflammation,1,Periodontics,1,9,90.0,2,3,3,3,1,3,3,3,3,3,27,67.5,Twice a day,3,Circular,3,Soft,3,Both morning and night,3,1-3 minutes,3,Occasionally,2,Tongue scraper,1,Once in 3 months,3,0-6 months ago,3,No,3,27,90.0,0.0,-22.5
2026-03-01 04:48:26.007000+00:00,7,20-30 years,Male,3-6 years,Chennai,Full time,Product Expert,No,,,0,10,1,1,2,0,3,0,2,1,3,2,Strongly Agree,Agree,Agree,Agree,Disagree,Agree,Disagree,Strongly Disagree,Agree,Agree,0,3,2,2,1,1,0,0,3,1,Outside Bangalore,Chennai,Chennai,outside Bangalore or no Bangalore marker,chennai,A soft film of bacteria and food debris on the teeth,1,Stains caused by coffee or tea,0,Bleeding gums while brushing,1,Dental plaque accumulation,1,Gum disease,1,Processed sugary foods and drinks,1,Vitamin C,1,It can contribute to heart disease and diabetes,1,Development of gum disease due to inflammation,1,Periodontics,1,9,90.0,4,3,3,3,3,3,2,4,3,3,31,77.5,Twice a day,3,Mixed,1,Medium,1,Both morning and night,3,1-3 minutes,3,Occasionally,2,Tongue scraper,1,Once in 3 months,3,More than a year,1,No,3,21,70.0,20.0,7.5
2026-03-02 05:02:44.392000+00:00,6,30-40 years,Male,10-15 years,Ulsoor,Full time,Business Analyst,No,,,0,10,1,0,2,0,3,0,2,1,3,2,Disagree,Disagree,Disagree,Disagree,Disagree,Disagree,Disagree,Disagree,Disagree,Disagree,2,0,2,0,1,0,2,1,3,1,Bangalore,Bangalore,Ulsoor,exact Bangalore mapping: Ulsoor,ulsoor,A soft film of bacteria and food debris on the teeth,1,Hard mineral deposit on the teeth,1,Bleeding gums while brushing,1,Dental plaque accumulation,1,Gum disease,1,Processed sugary foods and drinks,1,Vitamin C,1,It can contribute to heart disease and diabetes,1,Development of gum disease due to inflammation,1,Periodontics,1,10,100.0,2,2,2,2,3,2,2,3,2,2,22,55.00000000000001,Once a day,1,Circular,3,Medium,1,Only morning,1,1-3 minutes,3,"Yes, everytime",3,Toothpick,0,Once in 6 months,1,More than a year,1,No,3,17,56.666666666666664,43.333333333333336,-1.6666666666666572
2026-03-02 05:08:21.854000+00:00,13,20-30 years,Female,0-3 years,Bangalore,Hybrid,HR,No,,,0,10,1,0,2,0,3,0,3,1,3,2,Strongly Agree,Strongly Agree,Strongly Agree,Strongly Agree,Strongly Disagree,Strongly Agree,Agree,Disagree,Strongly Agree,Strongly Agree,2,0,2,0,0,0,1,0,1,1,Bangalore,Bangalore,Bangalore (Unspecified),exact Bangalore mapping: Bangalore (Unspecified),bangalore,A soft film of bacteria and food debris on the teeth,1,Hard mineral deposit on the teeth,1,Bleeding gums while brushing,1,Dental plaque accumulation,1,Gum disease,1,Processed sugary foods and drinks,1,Vitamin D,0,It can contribute to heart disease and diabetes,1,Development of gum disease due to inflammation,1,Periodontics,1,9,90.0,4,4,4,4,4,4,3,3,4,4,38,95.0,Once a day,1,Circular,3,Medium,1,Only morning,1,Less than 1 minute,0,"Yes, everytime",3,Dental floss,2,Once in 3 months,3,0-6 months ago,3,No,3,20,66.66666666666666,23.333333333333343,28.333333333333343
2026-03-02 06:41:38.462000+00:00,4,30-40 years,Male,10-15 years,Kengeri,Full time,Software Engineer,Yes,Cleaning (Scaling),,0,10,2,1,2,1,3,0,2,1,3,0,Agree,Agree,Agree,Agree,Disagree,Agree,Agree,Disagree,Agree,Agree,0,3,2,2,1,0,2,0,3,2,Bangalore,Bangalore,Kengeri,exact Bangalore mapping: Kengeri,kengeri,Stains caused by coffee or tea,0,Stains caused by coffee or tea,0,Bleeding gums while brushing,1,Poor brushing technique,0,Gum disease,1,Processed sugary foods and drinks,1,Vitamin C,1,It can contribute to heart disease and diabetes,1,Development of gum disease due to inflammation,1,Orthodontics,0,6,60.0,3,3,3,3,3,3,3,3,3,3,30,75.0,Twice a day,3,Mixed,1,Medium,1,Both morning and night,3,1-3 minutes,3,"Yes, everytime",3,Toothpick,0,Once in 3 months,3,More than a year,1,Sometimes,1,19,63.33333333333333,-3.3333333333333286,11.666666666666671
2026-03-02 14:50:46.407000+00:00,6,30-40 years,Female,10-15 years,Hosur,Hybrid,Test Engineer,Yes,"Cleaning (Scaling), Deep cleaning (Root planing)",Root canal,0,10,0,0,2,0,3,0,3,1,3,2,Strongly Agree,Strongly Agree,Agree,Strongly Agree,Disagree,Strongly Agree,Agree,Disagree,Agree,Strongly Agree,2,3,0,0,1,1,2,2,1,1,Outside Bangalore,Hosur,Hosur,outside Bangalore or no Bangalore marker,hosur,Hard mineral deposit on the teeth,0,Hard mineral deposit on the teeth,1,Bleeding gums while brushing,1,Dental plaque accumulation,1,Gum disease,1,Processed sugary foods and drinks,1,Vitamin D,0,It can contribute to heart disease and diabetes,1,Development of gum disease due to inflammation,1,Periodontics,1,8,80.0,4,4,3,4,3,4,3,3,3,4,35,87.5,Once a day,1,Mixed,1,Soft,3,Only morning,1,1-3 minutes,3,Occasionally,2,Toothpick,0,Once in a year,0,0-6 months ago,3,No,3,17,56.666666666666664,23.333333333333336,30.833333333333336
2026-03-03 07:40:43.194000+00:00,3,20-30 years,Male,6-10 years,Hebbal,Hybrid,Senior Specialist,No,,,0,10,1,1,1,2,1,0,1,2,1,0,Agree,Strongly Disagree,Agree,Strongly Disagree,Disagree,Strongly Disagree,Agree,Strongly Agree,Agree,Strongly Disagree,0,3,0,2,1,0,2,0,1,1,Bangalore,Bangalore,Hebbal,exact Bangalore mapping: Hebbal,hebbal,A soft film of bacteria and food debris on the teeth,1,Stains caused by coffee or tea,0,Dry mouth,0,Tooth decay,0,Chewing gum,0,Processed sugary foods and drinks,1,Vitamin B,0,It lowers blood sugar levels,0,Improved oral hygiene habits,0,Orthodontics,0,2,20.0,3,1,3,1,3,1,3,1,3,1,20,50.0,Twice a day,3,Mixed,1,Soft,3,Both morning and night,3,1-3 minutes,3,"Yes, everytime",3,Toothpick,0,Once in 3 months,3,0-6 months ago,3,No,3,25,83.33333333333334,-63.33333333333334,-33.33333333333334
2026-03-03 13:50:36.948000+00:00,3,20-30 years,Male,3-6 years,Salem,Full time,Pursuing MDS,No,,,0,10,1,0,2,0,3,0,2,1,3,2,Disagree,Agree,Disagree,Agree,Disagree,Agree,Agree,Disagree,Agree,Agree,0,0,0,2,1,0,0,0,1,1,Outside Bangalore,Salem,Salem,outside Bangalore or no Bangalore marker,salem,A soft film of bacteria and food debris on the teeth,1,Hard mineral deposit on the teeth,1,Bleeding gums while brushing,1,Dental plaque accumulation,1,Gum disease,1,Processed sugary foods and drinks,1,Vitamin C,1,It can contribute to heart disease and diabetes,1,Development of gum disease due to inflammation,1,Periodontics,1,10,100.0,2,3,2,3,3,3,3,3,3,3,28,70.0,Twice a day,3,Circular,3,Soft,3,Both morning and night,3,1-3 minutes,3,"Yes, everytime",3,Tongue scraper,1,Once in 3 months,3,0-6 months ago,3,No,3,28,93.33333333333333,6.666666666666671,-23.33333333333333
2026-03-04 07:20:44.591000+00:00,9,20-30 years,Female,0-3 years,Marthandam,Full time,Advocate,No,,,0,10,0,0,2,0,3,0,2,1,3,2,Disagree,Disagree,Disagree,Disagree,Disagree,Disagree,Disagree,Disagree,Disagree,Disagree,0,3,1,2,3,0,0,0,1,1,Outside Bangalore,Marthandam,Marthandam,outside Bangalore or no Bangalore marker,marthandam,Hard mineral deposit on the teeth,0,Hard mineral deposit on the teeth,1,Bleeding gums while brushing,1,Dental plaque accumulation,1,Gum disease,1,Processed sugary foods and drinks,1,Vitamin C,1,It can contribute to heart disease and diabetes,1,Development of gum disease due to inflammation,1,Periodontics,1,9,90.0,2,2,2,2,3,2,2,3,2,2,22,55.00000000000001,Twice a day,3,Mixed,1,Ultrasoft,2,Both morning and night,3,More than 5 minutes,1,"Yes, everytime",3,Tongue scraper,1,Once in 3 months,3,0-6 months ago,3,No,3,23,76.66666666666667,13.333333333333329,-21.666666666666664
2026-03-05 13:52:46.132000+00:00,4,50-60 years,Male,15+ years,Yelahanka,Work from home (Remote),Sr mgr,No,,,0,10,2,1,2,3,3,0,3,1,3,2,Agree,Agree,Agree,Agree,Disagree,Agree,Agree,Disagree,Agree,Agree,2,3,2,0,1,2,0,0,3,1,Bangalore,Bangalore,Yelahanka,exact Bangalore mapping: Yelahanka,yelahanka,Stains caused by coffee or tea,0,Stains caused by coffee or tea,0,Bleeding gums while brushing,1,Lack of calcium,0,Gum disease,1,Processed sugary foods and drinks,1,Vitamin D,0,It can contribute to heart disease and diabetes,1,Development of gum disease due to inflammation,1,Periodontics,1,6,60.0,3,3,3,3,3,3,3,3,3,3,30,75.0,Once a day,1,Mixed,1,Medium,1,Only morning,1,1-3 minutes,3,Never,0,Tongue scraper,1,Once in 3 months,3,More than a year,1,No,3,15,50.0,10.0,25.0
2026-03-06 18:49:07.555000+00:00,2,20-30 years,Male,3-6 years,Bangalore,Full time,DBA,No,,,0,10,2,1,2,3,3,2,2,2,1,2,Disagree,Disagree,Agree,Agree,Agree,Agree,Agree,Agree,Agree,Agree,1,2,1,0,0,1,2,3,0,3,Bangalore,Bangalore,Bangalore (Unspecified),exact Bangalore mapping: Bangalore (Unspecified),bangalore,Stains caused by coffee or tea,0,Stains caused by coffee or tea,0,Bleeding gums while brushing,1,Lack of calcium,0,Gum disease,1,Dairy products,0,Vitamin C,1,It lowers blood sugar levels,0,Improved oral hygiene habits,0,Periodontics,1,4,40.0,2,2,3,3,2,3,3,2,3,3,26,65.0,Thrice a day,2,Horizontal,0,Ultrasoft,2,Only morning,1,Less than 1 minute,0,Occasionally,2,Toothpick,0,When bristles wear out,2,Never,0,Have quit,2,11,36.666666666666664,3.3333333333333357,28.333333333333336
2026-03-07 02:19:40.715000+00:00,4,30-40 years,Male,10-15 years,JP Nagara,Full time,Manager,Yes,Deep cleaning (Root planing),,0,10,1,2,2,1,3,0,0,0,3,2,Agree,Agree,Agree,Agree,Disagree,Agree,Agree,Disagree,Agree,Agree,0,3,0,2,2,0,1,0,1,1,Bangalore,Bangalore,JP Nagar,exact Bangalore mapping: JP Nagar,jp nagara,A soft film of bacteria and food debris on the teeth,1,A soft film of bacteria and food debris,0,Bleeding gums while brushing,1,Poor brushing technique,0,Gum disease,1,Processed sugary foods and drinks,1,Vitamin A,0,It boosts immunity,0,Development of gum disease due to inflammation,1,Periodontics,1,6,60.0,3,3,3,3,3,3,3,3,3,3,30,75.0,Twice a day,3,Mixed,1,Soft,3,Both morning and night,3,3-5 minutes,2,"Yes, everytime",3,Dental floss,2,Once in 3 months,3,0-6 months ago,3,No,3,26,86.66666666666667,-26.66666666666667,-11.666666666666671
2026-03-07 02:57:25.158000+00:00,2,30-40 years,Male,15+ years,Chennai,Full time,Professor,No,,,0,10,3,2,2,3,3,0,3,3,3,2,Agree,Agree,Agree,Agree,Agree,Agree,Agree,Agree,Strongly Disagree,Agree,0,2,1,0,2,0,0,3,2,1,Outside Bangalore,Chennai,Chennai,outside Bangalore or no Bangalore marker,chennai,Protective layer on the enamel,0,A soft film of bacteria and food debris,0,Bleeding gums while brushing,1,Lack of calcium,0,Gum disease,1,Processed sugary foods and drinks,1,Vitamin D,0,It only affects the mouth and teeth,0,Development of gum disease due to inflammation,1,Periodontics,1,5,50.0,3,3,3,3,2,3,3,2,1,3,26,65.0,Twice a day,3,Horizontal,0,Ultrasoft,2,Only morning,1,3-5 minutes,2,"Yes, everytime",3,Tongue scraper,1,When bristles wear out,2,7-12 months ago,2,No,3,19,63.33333333333333,-13.333333333333329,1.6666666666666714
2026-03-07 04:04:34.576000+00:00,22,20-30 years,Female,0-3 years,"RR nagar, Bangalore",Full time,Endosontist,No,,,0,10,1,0,2,0,3,0,2,1,3,2,Strongly Disagree,Agree,Agree,Agree,Disagree,Agree,Disagree,Disagree,Agree,Agree,0,3,0,2,1,0,3,0,3,1,Bangalore,Bangalore,RR Nagar,exact Bangalore mapping: RR Nagar,rr nagar bangalore,A soft film of bacteria and food debris on the teeth,1,Hard mineral deposit on the teeth,1,Bleeding gums while brushing,1,Dental plaque accumulation,1,Gum disease,1,Processed sugary foods and drinks,1,Vitamin C,1,It can contribute to heart disease and diabetes,1,Development of gum disease due to inflammation,1,Periodontics,1,10,100.0,1,3,3,3,3,3,2,3,3,3,27,67.5,Twice a day,3,Mixed,1,Soft,3,Both morning and night,3,1-3 minutes,3,"Yes, everytime",3,Both scraper and floss,3,Once in 3 months,3,More than a year,1,No,3,26,86.66666666666667,13.333333333333329,-19.16666666666667
2026-03-07 04:32:27.837000+00:00,5,30-40 years,Male,10-15 years,Kengeri,Full time,Software Engineer,Yes,Cleaning (Scaling),,0,10,1,1,2,1,3,0,2,1,3,0,Agree,Agree,Agree,Agree,Disagree,Agree,Agree,Disagree,Agree,Agree,0,3,2,2,1,0,2,0,3,2,Bangalore,Bangalore,Kengeri,exact Bangalore mapping: Kengeri,kengeri,A soft film of bacteria and food debris on the teeth,1,Stains caused by coffee or tea,0,Bleeding gums while brushing,1,Poor brushing technique,0,Gum disease,1,Processed sugary foods and drinks,1,Vitamin C,1,It can contribute to heart disease and diabetes,1,Development of gum disease due to inflammation,1,Orthodontics,0,7,70.0,3,3,3,3,3,3,3,3,3,3,30,75.0,Twice a day,3,Mixed,1,Medium,1,Both morning and night,3,1-3 minutes,3,"Yes, everytime",3,Toothpick,0,Once in 3 months,3,More than a year,1,Sometimes,1,19,63.33333333333333,6.666666666666671,11.666666666666671
2026-03-07 05:22:46.850000+00:00,8,20-30 years,Male,3-6 years,Kovilpatti,Full time,Software Engineer,No,,,0,10,3,3,3,0,3,0,1,3,1,3,Disagree,Disagree,Agree,Disagree,Disagree,Disagree,Agree,Disagree,Agree,Disagree,0,1,2,2,2,0,0,0,0,1,Outside Bangalore,Kovilpatti,Kovilpatti,outside Bangalore or no Bangalore marker,kovilpatti,Protective layer on the enamel,0,Protective layer on the enamel,0,Jaw pain,0,Dental plaque accumulation,1,Gum disease,1,Processed sugary foods and drinks,1,Vitamin B,0,It only affects the mouth and teeth,0,Improved oral hygiene habits,0,Endodontics,0,3,30.0,2,2,3,2,3,2,3,3,3,2,25,62.5,Twice a day,3,Vertical,2,Medium,1,Both morning and night,3,3-5 minutes,2,"Yes, everytime",3,Tongue scraper,1,Once in 3 months,3,Never,0,No,3,21,70.0,-40.0,-7.5
2026-03-07 06:30:17.047000+00:00,6,40-50 years,Male,15+ years,Bengaluru,Work from home (Remote),Senior management,Yes,Cleaning (Scaling),,0,10,0,2,2,0,3,0,1,1,3,3,Strongly Agree,Agree,Strongly Agree,Agree,Disagree,Agree,Agree,Disagree,Agree,Agree,0,1,0,2,1,1,1,0,1,2,Bangalore,Bangalore,Bangalore (Unspecified),exact Bangalore mapping: Bangalore (Unspecified),bengaluru,Hard mineral deposit on the teeth,0,A soft film of bacteria and food debris,0,Bleeding gums while brushing,1,Dental plaque accumulation,1,Gum disease,1,Processed sugary foods and drinks,1,Vitamin B,0,It can contribute to heart disease and diabetes,1,Development of gum disease due to inflammation,1,Endodontics,0,6,60.0,4,3,4,3,3,3,3,3,3,3,32,80.0,Twice a day,3,Vertical,2,Soft,3,Both morning and night,3,1-3 minutes,3,Occasionally,2,Dental floss,2,Once in 3 months,3,0-6 months ago,3,Sometimes,1,25,83.33333333333334,-23.333333333333343,-3.333333333333343
2026-03-07 07:15:04.124000+00:00,4,30-40 years,Female,6-10 years,Guduvancheri,Hybrid,MTS,No,,,0,10,0,2,2,1,3,0,1,1,3,2,Agree,Agree,Agree,Agree,Disagree,Agree,Agree,Disagree,Disagree,Agree,0,3,1,0,1,1,0,0,0,1,Outside Bangalore,Guduvancheri,Guduvancheri,outside Bangalore or no Bangalore marker,guduvancheri,Hard mineral deposit on the teeth,0,A soft film of bacteria and food debris,0,Bleeding gums while brushing,1,Poor brushing technique,0,Gum disease,1,Processed sugary foods and drinks,1,Vitamin B,0,It can contribute to heart disease and diabetes,1,Development of gum disease due to inflammation,1,Periodontics,1,6,60.0,3,3,3,3,3,3,3,3,2,3,29,72.5,Twice a day,3,Mixed,1,Ultrasoft,2,Only morning,1,1-3 minutes,3,Occasionally,2,Tongue scraper,1,Once in 3 months,3,Never,0,No,3,19,63.33333333333333,-3.3333333333333286,9.166666666666671
2026-03-07 07:56:38.298000+00:00,6,30-40 years,Male,6-10 years,Pune,Full time,Senior engineer,No,,,0,10,0,0,3,1,3,0,2,0,3,2,Disagree,Disagree,Disagree,Disagree,Disagree,Disagree,Disagree,Disagree,Disagree,Disagree,2,2,2,0,1,0,0,1,3,0,Outside Bangalore,Pune,Pune,outside Bangalore or no Bangalore marker,pune,Hard mineral deposit on the teeth,0,Hard mineral deposit on the teeth,1,Jaw pain,0,Poor brushing technique,0,Gum disease,1,Processed sugary foods and drinks,1,Vitamin C,1,It boosts immunity,0,Development of gum disease due to inflammation,1,Periodontics,1,6,60.0,2,2,2,2,3,2,2,3,2,2,22,55.00000000000001,Once a day,1,Horizontal,0,Medium,1,Only morning,1,1-3 minutes,3,"Yes, everytime",3,Tongue scraper,1,Once in 6 months,1,More than a year,1,Yes,0,12,40.0,20.0,15.000000000000007
2026-03-07 09:10:48.130000+00:00,7,30-40 years,Female,10-15 years,Hosur,Hybrid,Test Engineer,Yes,"Cleaning (Scaling), Deep cleaning (Root planing)",Root canal,0,10,0,0,2,0,3,0,1,1,3,2,Strongly Agree,Strongly Agree,Agree,Strongly Disagree,Disagree,Strongly Agree,Agree,Disagree,Agree,Strongly Agree,2,3,0,0,1,1,2,2,1,1,Outside Bangalore,Hosur,Hosur,outside Bangalore or no Bangalore marker,hosur,Hard mineral deposit on the teeth,0,Hard mineral deposit on the teeth,1,Bleeding gums while brushing,1,Dental plaque accumulation,1,Gum disease,1,Processed sugary foods and drinks,1,Vitamin B,0,It can contribute to heart disease and diabetes,1,Development of gum disease due to inflammation,1,Periodontics,1,8,80.0,4,4,3,1,3,4,3,3,3,4,32,80.0,Once a day,1,Mixed,1,Soft,3,Only morning,1,1-3 minutes,3,Occasionally,2,Toothpick,0,Once in a year,0,0-6 months ago,3,No,3,17,56.666666666666664,23.333333333333336,23.333333333333336
2026-03-07 09:39:08.276000+00:00,7,40-50 years,Prefer not to say,15+ years,Bangalore,Hybrid,SVP,No,,,0,10,1,0,2,1,3,0,2,1,3,2,Agree,Agree,Agree,Agree,Disagree,Agree,Agree,Disagree,Agree,Agree,0,0,0,2,1,2,1,1,3,1,Bangalore,Bangalore,Bangalore (Unspecified),exact Bangalore mapping: Bangalore (Unspecified),bangalore,A soft film of bacteria and food debris on the teeth,1,Hard mineral deposit on the teeth,1,Bleeding gums while brushing,1,Poor brushing technique,0,Gum disease,1,Processed sugary foods and drinks,1,Vitamin C,1,It can contribute to heart disease and diabetes,1,Development of gum disease due to inflammation,1,Periodontics,1,9,90.0,3,3,3,3,3,3,3,3,3,3,30,75.0,Twice a day,3,Circular,3,Soft,3,Both morning and night,3,1-3 minutes,3,Never,0,Dental floss,2,Once in 6 months,1,More than a year,1,No,3,22,73.33333333333333,16.66666666666667,1.6666666666666714
2026-03-07 10:43:58.044000+00:00,7,20-30 years,Male,0-3 years,Bengaluru,Full time,Consultant,No,,,0,10,0,1,1,0,3,1,2,3,1,2,Agree,Agree,Disagree,Agree,Agree,Disagree,Agree,Agree,Agree,Agree,0,0,2,2,1,0,0,1,0,1,Bangalore,Bangalore,Bangalore (Unspecified),exact Bangalore mapping: Bangalore (Unspecified),bengaluru,Hard mineral deposit on the teeth,0,Stains caused by coffee or tea,0,Dry mouth,0,Dental plaque accumulation,1,Gum disease,1,Leafy greens,0,Vitamin C,1,It only affects the mouth and teeth,0,Improved oral hygiene habits,0,Periodontics,1,4,40.0,3,3,2,3,2,2,3,2,3,3,26,65.0,Twice a day,3,Circular,3,Medium,1,Both morning and night,3,1-3 minutes,3,"Yes, everytime",3,Tongue scraper,1,Once in 6 months,1,Never,0,No,3,21,70.0,-30.0,-5.0
2026-03-07 11:37:10.397000+00:00,5,30-40 years,Male,6-10 years,Yeshwantpur,Full time,Assistant manager,No,,,0,10,2,3,2,1,3,0,0,3,3,0,Strongly Disagree,Disagree,Disagree,Disagree,Disagree,Disagree,Disagree,Agree,Disagree,Disagree,2,0,1,0,1,0,1,0,3,1,Bangalore,Bangalore,Yeshwantpur,exact Bangalore mapping: Yeshwantpur,yeshwantpur,Stains caused by coffee or tea,0,Protective layer on the enamel,0,Bleeding gums while brushing,1,Poor brushing technique,0,Gum disease,1,Processed sugary foods and drinks,1,Vitamin A,0,It only affects the mouth and teeth,0,Development of gum disease due to inflammation,1,Orthodontics,0,4,40.0,1,2,2,2,3,2,2,2,2,2,20,50.0,Once a day,1,Circular,3,Ultrasoft,2,Only morning,1,1-3 minutes,3,"Yes, everytime",3,Dental floss,2,Once in 3 months,3,More than a year,1,No,3,22,73.33333333333333,-33.33333333333333,-23.33333333333333
2026-03-07 12:17:41.249000+00:00,57,20-30 years,Male,0-3 years,DODDABALLAPURA,Full time,Trainee,No,,,0,10,3,3,2,1,3,0,2,0,1,3,Strongly Disagree,Strongly Agree,Strongly Agree,Strongly Disagree,Strongly Agree,Strongly Agree,Strongly Agree,Strongly Agree,Strongly Agree,Strongly Disagree,2,2,2,0,1,0,2,1,3,1,Bangalore,Bangalore,Doddaballapura,exact Bangalore mapping: Doddaballapura,doddaballapura,Protective layer on the enamel,0,Protective layer on the enamel,0,Bleeding gums while brushing,1,Poor brushing technique,0,Gum disease,1,Processed sugary foods and drinks,1,Vitamin C,1,It boosts immunity,0,Improved oral hygiene habits,0,Endodontics,0,4,40.0,1,4,4,1,1,4,4,1,4,1,25,62.5,Once a day,1,Horizontal,0,Medium,1,Only morning,1,1-3 minutes,3,"Yes, everytime",3,Toothpick,0,Once in 6 months,1,More than a year,1,No,3,14,46.666666666666664,-6.666666666666664,15.833333333333336
2026-03-07 13:32:23.209000+00:00,5,30-40 years,Male,15+ years,Hyderabad,Full time,Project manager,Yes,Deep cleaning (Root planing),,0,10,3,3,3,2,3,0,1,3,3,0,Disagree,Disagree,Disagree,Agree,Agree,Disagree,Disagree,Agree,Agree,Agree,0,0,0,2,1,0,2,0,3,1,Outside Bangalore,Hyderabad,Hyderabad,outside Bangalore or no Bangalore marker,hyderabad,Protective layer on the enamel,0,Protective layer on the enamel,0,Jaw pain,0,Tooth decay,0,Gum disease,1,Processed sugary foods and drinks,1,Vitamin B,0,It only affects the mouth and teeth,0,Development of gum disease due to inflammation,1,Orthodontics,0,3,30.0,2,2,2,3,2,2,2,2,3,3,23,57.49999999999999,Twice a day,3,Circular,3,Soft,3,Both morning and night,3,1-3 minutes,3,"Yes, everytime",3,Toothpick,0,Once in 3 months,3,More than a year,1,No,3,25,83.33333333333334,-53.33333333333334,-25.83333333333335
2026-03-07 14:13:15.763000+00:00,6,20-30 years,Male,0-3 years,Nagercoil,Full time,Software Engineer,No,,,0,10,1,0,2,1,3,0,2,1,3,2,Strongly Disagree,Strongly Agree,Agree,Strongly Agree,Agree,Strongly Agree,Strongly Agree,Agree,Agree,Strongly Agree,2,3,0,0,1,0,1,3,1,1,Outside Bangalore,Nagercoil,Nagercoil,outside Bangalore or no Bangalore marker,nagercoil,A soft film of bacteria and food debris on the teeth,1,Hard mineral deposit on the teeth,1,Bleeding gums while brushing,1,Poor brushing technique,0,Gum disease,1,Processed sugary foods and drinks,1,Vitamin C,1,It can contribute to heart disease and diabetes,1,Development of gum disease due to inflammation,1,Periodontics,1,9,90.0,1,4,3,4,2,4,4,2,3,4,31,77.5,Once a day,1,Mixed,1,Soft,3,Only morning,1,1-3 minutes,3,"Yes, everytime",3,Dental floss,2,When bristles wear out,2,0-6 months ago,3,No,3,22,73.33333333333333,16.66666666666667,4.166666666666671
2026-03-07 15:25:52.929000+00:00,3,20-30 years,Male,3-6 years,Nagercoil,Hybrid,Research Analyst,No,,,0,10,1,0,2,1,3,0,2,1,1,3,Disagree,Disagree,Disagree,Disagree,Disagree,Disagree,Disagree,Strongly Disagree,Disagree,Disagree,1,1,1,1,1,1,1,1,1,1,Outside Bangalore,Nagercoil,Nagercoil,outside Bangalore or no Bangalore marker,nagercoil,A soft film of bacteria and food debris on the teeth,1,Hard mineral deposit on the teeth,1,Bleeding gums while brushing,1,Poor brushing technique,0,Gum disease,1,Processed sugary foods and drinks,1,Vitamin C,1,It can contribute to heart disease and diabetes,1,Improved oral hygiene habits,0,Endodontics,0,7,70.0,2,2,2,2,3,2,2,4,2,2,23,57.49999999999999,Thrice a day,2,Vertical,2,Ultrasoft,2,Only night,1,1-3 minutes,3,Occasionally,2,Dental floss,2,Once in 6 months,1,0-6 months ago,3,No,3,21,70.0,0.0,-12.500000000000007
2026-03-07 15:55:16.053000+00:00,5,30-40 years,Male,10-15 years,Jp nagar,Full time,Software engineer,Yes,"Cleaning (Scaling), Deep cleaning (Root planing)",,0,10,0,1,2,0,3,0,2,1,1,3,Strongly Disagree,Strongly Disagree,Strongly Disagree,Strongly Disagree,Strongly Disagree,Strongly Disagree,Strongly Disagree,Strongly Disagree,Strongly Disagree,Strongly Disagree,0,3,0,2,1,0,2,0,1,1,Bangalore,Bangalore,JP Nagar,exact Bangalore mapping: JP Nagar,jp nagar,Hard mineral deposit on the teeth,0,Stains caused by coffee or tea,0,Bleeding gums while brushing,1,Dental plaque accumulation,1,Gum disease,1,Processed sugary foods and drinks,1,Vitamin C,1,It can contribute to heart disease and diabetes,1,Improved oral hygiene habits,0,Endodontics,0,6,60.0,1,1,1,1,4,1,1,4,1,1,16,40.0,Twice a day,3,Mixed,1,Soft,3,Both morning and night,3,1-3 minutes,3,"Yes, everytime",3,Toothpick,0,Once in 3 months,3,0-6 months ago,3,No,3,25,83.33333333333334,-23.333333333333343,-43.33333333333334
2026-03-07 17:07:48.463000+00:00,4,20-30 years,Male,3-6 years,Bangalore,Full time,Manager,No,,,0,10,0,2,2,1,3,0,2,1,3,0,Strongly Agree,Agree,Agree,Disagree,Disagree,Agree,Disagree,Strongly Disagree,Agree,Strongly Agree,2,1,1,2,1,0,1,3,1,1,Bangalore,Bangalore,Bangalore (Unspecified),exact Bangalore mapping: Bangalore (Unspecified),bangalore,Hard mineral deposit on the teeth,0,A soft film of bacteria and food debris,0,Bleeding gums while brushing,1,Poor brushing technique,0,Gum disease,1,Processed sugary foods and drinks,1,Vitamin C,1,It can contribute to heart disease and diabetes,1,Development of gum disease due to inflammation,1,Orthodontics,0,6,60.0,4,3,3,2,3,3,2,4,3,4,31,77.5,Once a day,1,Vertical,2,Ultrasoft,2,Both morning and night,3,1-3 minutes,3,"Yes, everytime",3,Dental floss,2,When bristles wear out,2,0-6 months ago,3,No,3,24,80.0,-20.0,-2.5
2026-03-07 17:48:41.497000+00:00,8,30-40 years,Male,10-15 years,Ulsoor,Full time,Business Analyst,No,,,0,10,1,0,2,0,3,0,2,1,0,2,Disagree,Disagree,Disagree,Disagree,Disagree,Disagree,Disagree,Disagree,Disagree,Disagree,2,0,2,0,1,0,2,1,3,1,Bangalore,Bangalore,Ulsoor,exact Bangalore mapping: Ulsoor,ulsoor,A soft film of bacteria and food debris on the teeth,1,Hard mineral deposit on the teeth,1,Bleeding gums while brushing,1,Dental plaque accumulation,1,Gum disease,1,Processed sugary foods and drinks,1,Vitamin C,1,It can contribute to heart disease and diabetes,1,Increased salivary flow,0,Periodontics,1,9,90.0,2,2,2,2,3,2,2,3,2,2,22,55.00000000000001,Once a day,1,Circular,3,Medium,1,Only morning,1,1-3 minutes,3,"Yes, everytime",3,Toothpick,0,Once in 6 months,1,More than a year,1,No,3,17,56.666666666666664,33.333333333333336,-1.6666666666666572
2026-03-07 18:57:12.100000+00:00,11,20-30 years,Male,0-3 years,Bengaluru,Full time,Software engineer,Yes,"Deep cleaning (Root planing), Cleaning (Scaling)",,0,10,0,0,0,0,0,1,2,1,0,1,Disagree,Disagree,Disagree,Strongly Disagree,Strongly Disagree,Strongly Disagree,Strongly Disagree,Strongly Disagree,Strongly Disagree,Strongly Disagree,0,0,0,0,0,0,0,0,0,0,Bangalore,Bangalore,Bangalore (Unspecified),exact Bangalore mapping: Bangalore (Unspecified),bengaluru,Hard mineral deposit on the teeth,0,Hard mineral deposit on the teeth,1,White spots on the teeth,0,Dental plaque accumulation,1,Frequent brushing,0,Leafy greens,0,Vitamin C,1,It can contribute to heart disease and diabetes,1,Increased salivary flow,0,Prosthodontics,0,4,40.0,2,2,2,1,4,1,1,4,1,1,19,47.5,Twice a day,3,Circular,3,Soft,3,Only morning,1,Less than 1 minute,0,"Yes, everytime",3,Tongue scraper,1,Once in 3 months,3,Never,0,Yes,0,17,56.666666666666664,-16.666666666666664,-9.166666666666664
2026-03-07 20:03:27.988000+00:00,18,20-30 years,Female,6-10 years,Chennai,Full time,Senior Specialist,No,,,0,10,1,0,2,1,3,0,2,1,3,2,Disagree,Disagree,Agree,Agree,Disagree,Agree,Agree,Disagree,Disagree,Agree,0,0,0,0,1,0,0,0,3,1,Outside Bangalore,Chennai,Chennai,outside Bangalore or no Bangalore marker,chennai,A soft film of bacteria and food debris on the teeth,1,Hard mineral deposit on the teeth,1,Bleeding gums while brushing,1,Poor brushing technique,0,Gum disease,1,Processed sugary foods and drinks,1,Vitamin C,1,It can contribute to heart disease and diabetes,1,Development of gum disease due to inflammation,1,Periodontics,1,9,90.0,2,2,3,3,3,3,3,3,2,3,27,67.5,Twice a day,3,Circular,3,Soft,3,Only morning,1,1-3 minutes,3,"Yes, everytime",3,Tongue scraper,1,Once in 3 months,3,More than a year,1,No,3,24,80.0,10.0,-12.5
2026-03-07 21:10:34.768000+00:00,5,20-30 years,Male,0-3 years,Chennai,Full time,Software Engineer,Yes,Deep cleaning (Root planing),,0,10,2,3,3,2,3,0,1,1,3,2,Strongly Agree,Strongly Agree,Agree,Strongly Agree,Agree,Agree,Agree,Disagree,Disagree,Agree,2,3,2,0,1,1,2,3,1,1,Outside Bangalore,Chennai,Chennai,outside Bangalore or no Bangalore marker,chennai,Stains caused by coffee or tea,0,Protective layer on the enamel,0,Jaw pain,0,Tooth decay,0,Gum disease,1,Processed sugary foods and drinks,1,Vitamin B,0,It can contribute to heart disease and diabetes,1,Development of gum disease due to inflammation,1,Periodontics,1,5,50.0,4,4,3,4,2,3,3,3,2,3,31,77.5,Once a day,1,Mixed,1,Medium,1,Only morning,1,1-3 minutes,3,Occasionally,2,Toothpick,0,When bristles wear out,2,0-6 months ago,3,No,3,17,56.666666666666664,-6.666666666666664,20.833333333333336
2026-03-07 22:01:11.761000+00:00,6,20-30 years,Female,0-3 years,Bangalore,Full time,Manager,Yes,Cleaning (Scaling),,0,10,1,0,2,0,3,0,2,1,3,2,Agree,Agree,Agree,Agree,Disagree,Strongly Agree,Strongly Agree,Agree,Strongly Agree,Strongly Agree,0,0,0,0,1,0,0,1,1,1,Bangalore,Bangalore,Bangalore (Unspecified),exact Bangalore mapping: Bangalore (Unspecified),bangalore,A soft film of bacteria and food debris on the teeth,1,Hard mineral deposit on the teeth,1,Bleeding gums while brushing,1,Dental plaque accumulation,1,Gum disease,1,Processed sugary foods and drinks,1,Vitamin C,1,It can contribute to heart disease and diabetes,1,Development of gum disease due to inflammation,1,Periodontics,1,10,100.0,3,3,3,3,3,4,4,2,4,4,33,82.5,Twice a day,3,Circular,3,Soft,3,Only morning,1,1-3 minutes,3,"Yes, everytime",3,Tongue scraper,1,Once in 6 months,1,0-6 months ago,3,No,3,24,80.0,20.0,2.5
2026-03-07 23:05:38.454000+00:00,11,20-30 years,Male,3-6 years,Chennai,Full time,Automation engineer,No,,,0,10,2,1,2,1,3,0,3,0,0,1,Disagree,Disagree,Strongly Agree,Agree,Agree,Disagree,Agree,Agree,Disagree,Agree,0,0,0,2,1,0,0,0,3,3,Outside Bangalore,Chennai,Chennai,outside Bangalore or no Bangalore marker,chennai,Stains caused by coffee or tea,0,Stains caused by coffee or tea,0,Bleeding gums while brushing,1,Poor brushing technique,0,Gum disease,1,Processed sugary foods and drinks,1,Vitamin D,0,It boosts immunity,0,Increased salivary flow,0,Prosthodontics,0,3,30.0,2,2,4,3,2,2,3,2,2,3,25,62.5,Twice a day,3,Circular,3,Soft,3,Both morning and night,3,1-3 minutes,3,"Yes, everytime",3,Tongue scraper,1,Once in 3 months,3,More than a year,1,Have quit,2,25,83.33333333333334,-53.33333333333334,-20.833333333333343
2026-03-08 00:22:46.238000+00:00,88,30-40 years,Male,6-10 years,Bengaluru,Full time,"Manager, Sales Development Representative",No,,,0,10,2,0,2,2,3,0,3,1,3,2,Agree,Agree,Agree,Agree,Agree,Agree,Agree,Disagree,Agree,Agree,0,3,2,2,1,0,3,0,1,1,Bangalore,Bangalore,Bangalore (Unspecified),exact Bangalore mapping: Bangalore (Unspecified),bengaluru,Stains caused by coffee or tea,0,Hard mineral deposit on the teeth,1,Bleeding gums while brushing,1,Tooth decay,0,Gum disease,1,Processed sugary foods and drinks,1,Vitamin D,0,It can contribute to heart disease and diabetes,1,Development of gum disease due to inflammation,1,Periodontics,1,7,70.0,3,3,3,3,2,3,3,3,3,3,29,72.5,Twice a day,3,Mixed,1,Medium,1,Both morning and night,3,1-3 minutes,3,"Yes, everytime",3,Both scraper and floss,3,Once in 3 months,3,0-6 months ago,3,No,3,26,86.66666666666667,-16.66666666666667,-14.166666666666671
2026-03-08 01:25:11.100000+00:00,6,30-40 years,Male,10-15 years,Chennai,Full time,Manager,No,,,0,10,2,1,2,0,2,1,2,1,2,3,Disagree,Strongly Disagree,Strongly Disagree,Strongly Disagree,Strongly Disagree,Strongly Disagree,Strongly Disagree,Strongly Disagree,Strongly Disagree,Strongly Disagree,2,1,2,0,0,2,2,0,0,2,Outside Bangalore,Chennai,Chennai,outside Bangalore or no Bangalore marker,chennai,Stains caused by coffee or tea,0,Stains caused by coffee or tea,0,Bleeding gums while brushing,1,Dental plaque accumulation,1,Cold beverages,0,Leafy greens,0,Vitamin C,1,It can contribute to heart disease and diabetes,1,Strengthening of tooth enamel,0,Endodontics,0,4,40.0,2,1,1,1,4,1,1,4,1,1,17,42.5,Once a day,1,Vertical,2,Medium,1,Only morning,1,Less than 1 minute,0,Never,0,Toothpick,0,Once in 3 months,3,Never,0,Sometimes,1,9,30.0,10.0,12.5
2026-03-08 01:58:00.914000+00:00,27,30-40 years,Female,3-6 years,Ramamurthy Nagar Bangalore,Full time,Hr practitioner,No,,,0,10,1,1,2,1,3,0,1,1,3,3,Agree,Disagree,Disagree,Disagree,Disagree,Disagree,Disagree,Disagree,Disagree,Disagree,2,2,2,0,1,1,2,0,2,1,Bangalore,Bangalore,Ramamurthy Nagar,exact Bangalore mapping: Ramamurthy Nagar,ramamurthy nagar bangalore,A soft film of bacteria and food debris on the teeth,1,Stains caused by coffee or tea,0,Bleeding gums while brushing,1,Poor brushing technique,0,Gum disease,1,Processed sugary foods and drinks,1,Vitamin B,0,It can contribute to heart disease and diabetes,1,Development of gum disease due to inflammation,1,Endodontics,0,6,60.0,3,2,2,2,3,2,2,3,2,2,23,57.49999999999999,Once a day,1,Horizontal,0,Medium,1,Only morning,1,1-3 minutes,3,Occasionally,2,Toothpick,0,Once in 3 months,3,7-12 months ago,2,No,3,16,53.333333333333336,6.666666666666664,4.166666666666657
2026-03-08 02:17:40.099000+00:00,7,20-30 years,Male,3-6 years,Bommanahalli,Full time,SDE-2,Yes,"Cleaning (Scaling), Deep cleaning (Root planing)",,0,10,0,1,2,1,3,0,0,3,3,3,Agree,Agree,Agree,Strongly Agree,Disagree,Agree,Agree,Agree,Agree,Strongly Agree,0,0,1,2,1,0,3,0,3,1,Bangalore,Bangalore,Bommanahalli,exact Bangalore mapping: Bommanahalli,bommanahalli,Hard mineral deposit on the teeth,0,Stains caused by coffee or tea,0,Bleeding gums while brushing,1,Poor brushing technique,0,Gum disease,1,Processed sugary foods and drinks,1,Vitamin A,0,It only affects the mouth and teeth,0,Development of gum disease due to inflammation,1,Endodontics,0,4,40.0,3,3,3,4,3,3,3,2,3,4,31,77.5,Twice a day,3,Circular,3,Ultrasoft,2,Both morning and night,3,1-3 minutes,3,"Yes, everytime",3,Both scraper and floss,3,Once in 3 months,3,More than a year,1,No,3,27,90.0,-50.0,-12.5
2026-03-08 02:58:11.513000+00:00,3,20-30 years,Male,3-6 years,Banglore,Full time,Senior executive,No,,,0,10,1,3,2,2,3,0,3,3,3,2,Disagree,Disagree,Agree,Strongly Disagree,Strongly Disagree,Strongly Agree,Disagree,Disagree,Disagree,Strongly Agree,0,0,1,2,1,0,0,0,1,1,Bangalore,Bangalore,Bangalore (Unspecified),exact Bangalore mapping: Bangalore (Unspecified),banglore,A soft film of bacteria and food debris on the teeth,1,Protective layer on the enamel,0,Bleeding gums while brushing,1,Tooth decay,0,Gum disease,1,Processed sugary foods and drinks,1,Vitamin D,0,It only affects the mouth and teeth,0,Development of gum disease due to inflammation,1,Periodontics,1,6,60.0,2,2,3,1,4,4,2,3,2,4,27,67.5,Twice a day,3,Circular,3,Ultrasoft,2,Both morning and night,3,1-3 minutes,3,"Yes, everytime",3,Tongue scraper,1,Once in 3 months,3,0-6 months ago,3,No,3,27,90.0,-30.0,-22.5
2026-03-08 03:44:52.061000+00:00,4,20-30 years,Female,0-3 years,Bellandur,Full time,SDE 1,No,,,0,10,0,1,2,2,3,0,1,3,3,3,Agree,Disagree,Agree,Agree,Disagree,Agree,Disagree,Disagree,Agree,Agree,2,2,2,0,2,0,2,0,1,1,Bangalore,Bangalore,Bellandur,exact Bangalore mapping: Bellandur,bellandur,Hard mineral deposit on the teeth,0,Stains caused by coffee or tea,0,Bleeding gums while brushing,1,Tooth decay,0,Gum disease,1,Processed sugary foods and drinks,1,Vitamin B,0,It only affects the mouth and teeth,0,Development of gum disease due to inflammation,1,Endodontics,0,4,40.0,3,2,3,3,3,3,2,3,3,3,28,70.0,Once a day,1,Horizontal,0,Medium,1,Only morning,1,3-5 minutes,2,"Yes, everytime",3,Toothpick,0,Once in 3 months,3,0-6 months ago,3,No,3,17,56.666666666666664,-16.666666666666664,13.333333333333336
2026-03-08 04:19:22.293000+00:00,4,20-30 years,Female,0-3 years,Coimbatore,Full time,Doctor,No,,,0,10,1,0,2,0,3,0,2,0,3,2,Disagree,Agree,Agree,Agree,Strongly Agree,Agree,Agree,Disagree,Agree,Agree,0,0,0,2,1,1,0,0,1,1,Outside Bangalore,Coimbatore,Coimbatore,outside Bangalore or no Bangalore marker,coimbatore,A soft film of bacteria and food debris on the teeth,1,Hard mineral deposit on the teeth,1,Bleeding gums while brushing,1,Dental plaque accumulation,1,Gum disease,1,Processed sugary foods and drinks,1,Vitamin C,1,It boosts immunity,0,Development of gum disease due to inflammation,1,Periodontics,1,9,90.0,2,3,3,3,1,3,3,3,3,3,27,67.5,Twice a day,3,Circular,3,Soft,3,Both morning and night,3,1-3 minutes,3,Occasionally,2,Tongue scraper,1,Once in 3 months,3,0-6 months ago,3,No,3,27,90.0,0.0,-22.5
2026-03-08 05:29:02.911000+00:00,7,20-30 years,Female,0-3 years,Chennai,Full time,Audit Inspector,No,,,0,10,0,0,2,0,3,0,2,1,3,1,Agree,Agree,Agree,Strongly Disagree,Disagree,Strongly Agree,Agree,Agree,Agree,Strongly Agree,2,0,1,0,0,1,2,0,1,1,Outside Bangalore,Chennai,Chennai,outside Bangalore or no Bangalore marker,chennai,Hard mineral deposit on the teeth,0,Hard mineral deposit on the teeth,1,Bleeding gums while brushing,1,Dental plaque accumulation,1,Gum disease,1,Processed sugary foods and drinks,1,Vitamin C,1,It can contribute to heart disease and diabetes,1,Development of gum disease due to inflammation,1,Prosthodontics,0,8,80.0,3,3,3,1,3,4,3,2,3,4,29,72.5,Once a day,1,Circular,3,Ultrasoft,2,Only morning,1,Less than 1 minute,0,Occasionally,2,Toothpick,0,Once in 3 months,3,0-6 months ago,3,No,3,18,60.0,20.0,12.5
2026-03-08 06:08:27.470000+00:00,2,20-30 years,Female,0-3 years,Banglore,Full time,Engineer,Yes,Cleaning (Scaling),,0,10,1,0,2,1,3,0,2,3,3,2,Agree,Agree,Disagree,Agree,Agree,Agree,Agree,Agree,Agree,Disagree,0,3,0,0,2,1,2,1,2,2,Bangalore,Bangalore,Bangalore (Unspecified),exact Bangalore mapping: Bangalore (Unspecified),banglore,A soft film of bacteria and food debris on the teeth,1,Hard mineral deposit on the teeth,1,Bleeding gums while brushing,1,Poor brushing technique,0,Gum disease,1,Processed sugary foods and drinks,1,Vitamin C,1,It only affects the mouth and teeth,0,Development of gum disease due to inflammation,1,Periodontics,1,8,80.0,3,3,2,3,2,3,3,2,3,2,26,65.0,Twice a day,3,Mixed,1,Soft,3,Only morning,1,3-5 minutes,2,Occasionally,2,Toothpick,0,Once in 6 months,1,7-12 months ago,2,Sometimes,1,16,53.333333333333336,26.666666666666664,11.666666666666664
2026-03-08 06:36:03.186000+00:00,4,20-30 years,Male,3-6 years,HAL,Full time,BDS,Yes,Cleaning (Scaling),,0,10,1,0,2,3,3,0,2,1,3,2,Agree,Agree,Agree,Strongly Agree,Strongly Disagree,Strongly Agree,Agree,Strongly Disagree,Agree,Strongly Agree,0,3,0,2,1,0,0,0,2,1,Bangalore,Bangalore,HAL,exact Bangalore mapping: HAL,hal,A soft film of bacteria and food debris on the teeth,1,Hard mineral deposit on the teeth,1,Bleeding gums while brushing,1,Lack of calcium,0,Gum disease,1,Processed sugary foods and drinks,1,Vitamin C,1,It can contribute to heart disease and diabetes,1,Development of gum disease due to inflammation,1,Periodontics,1,9,90.0,3,3,3,4,4,4,3,4,3,4,35,87.5,Twice a day,3,Mixed,1,Soft,3,Both morning and night,3,1-3 minutes,3,"Yes, everytime",3,Tongue scraper,1,Once in 3 months,3,7-12 months ago,2,No,3,25,83.33333333333334,6.666666666666657,4.166666666666657
2026-03-08 07:14:46.011000+00:00,3,50-60 years,Male,15+ years,Yelahanka,Work from home (Remote),Sr mgr,No,,,0,10,2,1,2,3,3,0,3,1,3,2,Strongly Disagree,Agree,Agree,Agree,Disagree,Agree,Agree,Disagree,Agree,Agree,2,3,2,0,1,2,0,0,3,1,Bangalore,Bangalore,Yelahanka,exact Bangalore mapping: Yelahanka,yelahanka,Stains caused by coffee or tea,0,Stains caused by coffee or tea,0,Bleeding gums while brushing,1,Lack of calcium,0,Gum disease,1,Processed sugary foods and drinks,1,Vitamin D,0,It can contribute to heart disease and diabetes,1,Development of gum disease due to inflammation,1,Periodontics,1,6,60.0,1,3,3,3,3,3,3,3,3,3,28,70.0,Once a day,1,Mixed,1,Medium,1,Only morning,1,1-3 minutes,3,Never,0,Tongue scraper,1,Once in 3 months,3,More than a year,1,No,3,15,50.0,10.0,20.0
2026-03-08 08:17:00.104000+00:00,8,20-30 years,Male,0-3 years,Chennai,Full time,Software developer,No,,,0,10,0,3,2,3,3,0,2,2,0,1,Agree,Agree,Agree,Agree,Disagree,Agree,Agree,Strongly Agree,Strongly Agree,Agree,2,3,0,3,3,0,0,3,0,1,Outside Bangalore,Chennai,Chennai,outside Bangalore or no Bangalore marker,chennai,Hard mineral deposit on the teeth,0,Protective layer on the enamel,0,Bleeding gums while brushing,1,Lack of calcium,0,Gum disease,1,Processed sugary foods and drinks,1,Vitamin C,1,It lowers blood sugar levels,0,Increased salivary flow,0,Prosthodontics,0,4,40.0,3,3,3,3,3,3,3,1,4,3,29,72.5,Once a day,1,Mixed,1,Soft,3,After lunch and breakfast,2,More than 5 minutes,1,"Yes, everytime",3,Tongue scraper,1,When bristles wear out,2,Never,0,No,3,17,56.666666666666664,-16.666666666666664,15.833333333333336
2026-03-08 08:37:46.863000+00:00,2,20-30 years,Female,0-3 years,Marthandam,Full time,Advocate,No,,,0,10,0,0,2,0,3,0,2,1,3,2,Disagree,Disagree,Disagree,Disagree,Disagree,Disagree,Disagree,Disagree,Disagree,Disagree,0,3,1,2,3,0,0,1,1,1,Outside Bangalore,Marthandam,Marthandam,outside Bangalore or no Bangalore marker,marthandam,Hard mineral deposit on the teeth,0,Hard mineral deposit on the teeth,1,Bleeding gums while brushing,1,Dental plaque accumulation,1,Gum disease,1,Processed sugary foods and drinks,1,Vitamin C,1,It can contribute to heart disease and diabetes,1,Development of gum disease due to inflammation,1,Periodontics,1,9,90.0,2,2,2,2,3,2,2,3,2,2,22,55.00000000000001,Twice a day,3,Mixed,1,Ultrasoft,2,Both morning and night,3,More than 5 minutes,1,"Yes, everytime",3,Tongue scraper,1,Once in 6 months,1,0-6 months ago,3,No,3,21,70.0,20.0,-14.999999999999993
2026-03-08 09:06:16.521000+00:00,41,30-40 years,Female,6-10 years,Shanti Nagar,Full time,Sr ML Engineer,No,,,0,10,1,0,2,1,3,0,0,1,3,2,Strongly Agree,Strongly Agree,Agree,Agree,Strongly Disagree,Strongly Agree,Strongly Agree,Strongly Disagree,Agree,Strongly Agree,0,1,0,2,2,1,3,1,1,2,Bangalore,Bangalore,Shanti Nagar,exact Bangalore mapping: Shanti Nagar,shanti nagar,A soft film of bacteria and food debris on the teeth,1,Hard mineral deposit on the teeth,1,Bleeding gums while brushing,1,Poor brushing technique,0,Gum disease,1,Processed sugary foods and drinks,1,Vitamin A,0,It can contribute to heart disease and diabetes,1,Development of gum disease due to inflammation,1,Periodontics,1,8,80.0,4,4,3,3,4,4,4,4,3,4,37,92.5,Twice a day,3,Vertical,2,Soft,3,Both morning and night,3,3-5 minutes,2,Occasionally,2,Both scraper and floss,3,Once in 6 months,1,0-6 months ago,3,Sometimes,1,23,76.66666666666667,3.3333333333333286,15.833333333333329
2026-03-08 10:24:45.268000+00:00,34,20-30 years,Male,6-10 years,Madurai,Full time,Developer,No,,,0,10,3,3,3,3,3,3,3,3,3,2,Strongly Disagree,Strongly Disagree,Agree,Strongly Disagree,Strongly Agree,Strongly Agree,Strongly Agree,Strongly Agree,Strongly Agree,Strongly Agree,3,3,3,2,3,3,3,3,3,3,Outside Bangalore,Madurai,Madurai,outside Bangalore or no Bangalore marker,madurai,Protective layer on the enamel,0,Protective layer on the enamel,0,Jaw pain,0,Lack of calcium,0,Gum disease,1,Whole grains,0,Vitamin D,0,It only affects the mouth and teeth,0,Development of gum disease due to inflammation,1,Periodontics,1,3,30.0,1,1,3,1,1,4,4,1,4,4,24,60.0,Occasionally,0,Mixed,1,Hard,0,Both morning and night,3,More than 5 minutes,1,Only after dinner,1,Both scraper and floss,3,When bristles wear out,2,More than a year,1,Have quit,2,14,46.666666666666664,-16.666666666666664,13.333333333333336
2026-03-08 11:42:50.770000+00:00,2,20-30 years,Female,3-6 years,Tenkasi,Full time,General dentist,No,,,0,10,1,0,2,0,3,0,2,1,3,2,Agree,Agree,Agree,Agree,Disagree,Agree,Agree,Agree,Agree,Agree,0,3,0,2,1,1,0,0,1,1,Outside Bangalore,Tenkasi,Tenkasi,outside Bangalore or no Bangalore marker,tenkasi,A soft film of bacteria and food debris on the teeth,1,Hard mineral deposit on the teeth,1,Bleeding gums while brushing,1,Dental plaque accumulation,1,Gum disease,1,Processed sugary foods and drinks,1,Vitamin C,1,It can contribute to heart disease and diabetes,1,Development of gum disease due to inflammation,1,Periodontics,1,10,100.0,3,3,3,3,3,3,3,2,3,3,29,72.5,Twice a day,3,Mixed,1,Soft,3,Both morning and night,3,1-3 minutes,3,Occasionally,2,Tongue scraper,1,Once in 3 months,3,0-6 months ago,3,No,3,25,83.33333333333334,16.666666666666657,-10.833333333333343
2026-03-08 12:35:34.424000+00:00,5,20-30 years,Male,3-6 years,Hsr layout,Full time,Lead Engineer,No,,,0,10,1,1,2,1,2,0,3,1,3,2,Disagree,Agree,Disagree,Agree,Disagree,Agree,Agree,Disagree,Agree,Agree,0,0,0,2,0,0,2,0,1,1,Bangalore,Bangalore,HSR Layout,exact Bangalore mapping: HSR Layout,hsr layout,A soft film of bacteria and food debris on the teeth,1,Stains caused by coffee or tea,0,Bleeding gums while brushing,1,Poor brushing technique,0,Cold beverages,0,Processed sugary foods and drinks,1,Vitamin D,0,It can contribute to heart disease and diabetes,1,Development of gum disease due to inflammation,1,Periodontics,1,6,60.0,2,3,2,3,3,3,3,3,3,3,28,70.0,Twice a day,3,Circular,3,Soft,3,Both morning and night,3,Less than 1 minute,0,"Yes, everytime",3,Toothpick,0,Once in 3 months,3,0-6 months ago,3,No,3,24,80.0,-20.0,-10.0
2026-03-08 13:53:10.838000+00:00,41,20-30 years,Female,0-3 years,Erode,Full time,Internship,No,,,0,10,0,0,0,1,2,0,2,3,3,3,Agree,Agree,Agree,Disagree,Agree,Agree,Agree,Disagree,Agree,Disagree,2,3,2,0,1,2,0,0,0,1,Outside Bangalore,Erode,Erode,outside Bangalore or no Bangalore marker,erode,Hard mineral deposit on the teeth,0,Hard mineral deposit on the teeth,1,White spots on the teeth,0,Poor brushing technique,0,Cold beverages,0,Processed sugary foods and drinks,1,Vitamin C,1,It only affects the mouth and teeth,0,Development of gum disease due to inflammation,1,Endodontics,0,4,40.0,3,3,3,2,2,3,3,3,3,2,27,67.5,Once a day,1,Mixed,1,Medium,1,Only morning,1,1-3 minutes,3,Never,0,Tongue scraper,1,Once in 3 months,3,Never,0,No,3,14,46.666666666666664,-6.666666666666664,20.833333333333336
2026-03-08 15:08:58.891000+00:00,7,20-30 years,Male,0-3 years,Jp Nagar,Full time,Consultant- 1,No,,,0,10,1,2,2,0,3,0,0,0,3,2,Strongly Agree,Strongly Agree,Strongly Agree,Strongly Agree,Strongly Disagree,Strongly Agree,Disagree,Strongly Disagree,Strongly Agree,Strongly Agree,2,0,0,0,1,1,0,0,1,1,Bangalore,Bangalore,JP Nagar,exact Bangalore mapping: JP Nagar,jp nagar,A soft film of bacteria and food debris on the teeth,1,A soft film of bacteria and food debris,0,Bleeding gums while brushing,1,Dental plaque accumulation,1,Gum disease,1,Processed sugary foods and drinks,1,Vitamin A,0,It boosts immunity,0,Development of gum disease due to inflammation,1,Periodontics,1,7,70.0,4,4,4,4,4,4,2,4,4,4,38,95.0,Once a day,1,Circular,3,Soft,3,Only morning,1,1-3 minutes,3,Occasionally,2,Tongue scraper,1,Once in 3 months,3,0-6 months ago,3,No,3,23,76.66666666666667,-6.666666666666671,18.33333333333333
2026-03-08 15:38:42.962000+00:00,22,20-30 years,Male,0-3 years,Hyderabad,Full time,Technical Consultant,No,,,0,10,1,0,0,2,3,0,1,1,3,3,Disagree,Disagree,Disagree,Disagree,Strongly Disagree,Disagree,Disagree,Disagree,Agree,Agree,0,1,0,2,1,0,0,3,3,1,Outside Bangalore,Hyderabad,Hyderabad,outside Bangalore or no Bangalore marker,hyderabad,A soft film of bacteria and food debris on the teeth,1,Hard mineral deposit on the teeth,1,White spots on the teeth,0,Tooth decay,0,Gum disease,1,Processed sugary foods and drinks,1,Vitamin B,0,It can contribute to heart disease and diabetes,1,Development of gum disease due to inflammation,1,Endodontics,0,6,60.0,2,2,2,2,4,2,2,3,3,3,25,62.5,Twice a day,3,Vertical,2,Soft,3,Both morning and night,3,1-3 minutes,3,"Yes, everytime",3,Tongue scraper,1,When bristles wear out,2,More than a year,1,No,3,24,80.0,-20.0,-17.5
2026-03-08 15:58:11.368000+00:00,7,30-40 years,Male,10-15 years,Whitefield,Full time,Staff Software Engineer,No,,,0,10,1,0,2,0,3,0,2,1,0,3,Agree,Agree,Disagree,Agree,Disagree,Agree,Agree,Agree,Agree,Agree,0,0,0,2,1,1,2,0,2,1,Bangalore,Bangalore,Whitefield,exact Bangalore mapping: Whitefield,whitefield,A soft film of bacteria and food debris on the teeth,1,Hard mineral deposit on the teeth,1,Bleeding gums while brushing,1,Dental plaque accumulation,1,Gum disease,1,Processed sugary foods and drinks,1,Vitamin C,1,It can contribute to heart disease and diabetes,1,Increased salivary flow,0,Endodontics,0,8,80.0,3,3,2,3,3,3,3,2,3,3,28,70.0,Twice a day,3,Circular,3,Soft,3,Both morning and night,3,1-3 minutes,3,Occasionally,2,Toothpick,0,Once in 3 months,3,7-12 months ago,2,No,3,25,83.33333333333334,-3.333333333333343,-13.333333333333343
2026-03-08 17:06:48.340000+00:00,4,20-30 years,Male,3-6 years,Chennai,Full time,Ai - mostion graphics designer,No,,,0,10,3,3,1,3,0,2,3,2,3,0,Strongly Agree,Strongly Disagree,Strongly Agree,Strongly Disagree,Strongly Agree,Strongly Agree,Strongly Agree,Strongly Agree,Agree,Strongly Agree,2,3,2,0,2,0,3,0,2,1,Outside Bangalore,Chennai,Chennai,outside Bangalore or no Bangalore marker,chennai,Protective layer on the enamel,0,Protective layer on the enamel,0,Dry mouth,0,Lack of calcium,0,Frequent brushing,0,Dairy products,0,Vitamin D,0,It lowers blood sugar levels,0,Development of gum disease due to inflammation,1,Orthodontics,0,1,10.0,4,1,4,1,1,4,4,1,3,4,27,67.5,Once a day,1,Mixed,1,Medium,1,Only morning,1,3-5 minutes,2,"Yes, everytime",3,Both scraper and floss,3,Once in 3 months,3,7-12 months ago,2,No,3,20,66.66666666666666,-56.66666666666666,0.8333333333333428
2026-03-08 18:20:58.633000+00:00,5,20-30 years,Female,3-6 years,HSR layout,Full time,BDS,Yes,Cleaning (Scaling),,0,10,1,0,2,0,2,0,3,1,3,2,Strongly Disagree,Strongly Disagree,Strongly Agree,Strongly Agree,Strongly Disagree,Disagree,Strongly Agree,Strongly Disagree,Strongly Agree,Strongly Agree,2,2,0,0,1,0,1,0,1,1,Bangalore,Bangalore,HSR Layout,exact Bangalore mapping: HSR Layout,hsr layout,A soft film of bacteria and food debris on the teeth,1,Hard mineral deposit on the teeth,1,Bleeding gums while brushing,1,Dental plaque accumulation,1,Cold beverages,0,Processed sugary foods and drinks,1,Vitamin D,0,It can contribute to heart disease and diabetes,1,Development of gum disease due to inflammation,1,Periodontics,1,8,80.0,1,1,4,4,4,2,4,4,4,4,32,80.0,Once a day,1,Horizontal,0,Soft,3,Only morning,1,1-3 minutes,3,"Yes, everytime",3,Dental floss,2,Once in 3 months,3,0-6 months ago,3,No,3,22,73.33333333333333,6.666666666666671,6.666666666666671
2026-03-08 19:11:21.227000+00:00,18,30-40 years,Male,10-15 years,Bangalore,Hybrid,Software Engineer,No,,,0,10,1,1,3,0,3,0,2,1,3,2,Strongly Agree,Agree,Strongly Agree,Strongly Agree,Strongly Agree,Strongly Agree,Strongly Agree,Strongly Agree,Strongly Agree,Strongly Agree,0,1,1,2,1,0,2,0,3,1,Bangalore,Bangalore,Bangalore (Unspecified),exact Bangalore mapping: Bangalore (Unspecified),bangalore,A soft film of bacteria and food debris on the teeth,1,Stains caused by coffee or tea,0,Jaw pain,0,Dental plaque accumulation,1,Gum disease,1,Processed sugary foods and drinks,1,Vitamin C,1,It can contribute to heart disease and diabetes,1,Development of gum disease due to inflammation,1,Periodontics,1,8,80.0,4,3,4,4,1,4,4,1,4,4,33,82.5,Twice a day,3,Vertical,2,Ultrasoft,2,Both morning and night,3,1-3 minutes,3,"Yes, everytime",3,Toothpick,0,Once in 3 months,3,More than a year,1,No,3,23,76.66666666666667,3.3333333333333286,5.833333333333329
2026-03-08 19:49:30.730000+00:00,3,20-30 years,Male,0-3 years,CV Raman Nagar,Hybrid,Engineer,No,,,0,10,0,3,2,2,0,0,2,2,3,3,Disagree,Agree,Disagree,Agree,Disagree,Agree,Agree,Disagree,Disagree,Agree,2,3,2,0,1,0,2,3,3,1,Bangalore,Bangalore,CV Raman Nagar,exact Bangalore mapping: CV Raman Nagar,cv raman nagar,Hard mineral deposit on the teeth,0,Protective layer on the enamel,0,Bleeding gums while brushing,1,Tooth decay,0,Frequent brushing,0,Processed sugary foods and drinks,1,Vitamin C,1,It lowers blood sugar levels,0,Development of gum disease due to inflammation,1,Endodontics,0,4,40.0,2,3,2,3,3,3,3,3,2,3,27,67.5,Once a day,1,Mixed,1,Medium,1,Only morning,1,1-3 minutes,3,"Yes, everytime",3,Toothpick,0,When bristles wear out,2,More than a year,1,No,3,16,53.333333333333336,-13.333333333333336,14.166666666666664
2026-03-08 20:54:42.983000+00:00,5,20-30 years,Male,6-10 years,Whitefield,Full time,Senior Tech support executive,No,,,0,10,0,0,2,0,3,0,3,1,3,2,Agree,Strongly Disagree,Agree,Agree,Disagree,Agree,Disagree,Disagree,Agree,Strongly Agree,0,0,2,2,1,1,1,0,0,1,Bangalore,Bangalore,Whitefield,exact Bangalore mapping: Whitefield,whitefield,Hard mineral deposit on the teeth,0,Hard mineral deposit on the teeth,1,Bleeding gums while brushing,1,Dental plaque accumulation,1,Gum disease,1,Processed sugary foods and drinks,1,Vitamin D,0,It can contribute to heart disease and diabetes,1,Development of gum disease due to inflammation,1,Periodontics,1,8,80.0,3,1,3,3,3,3,2,3,3,4,28,70.0,Twice a day,3,Circular,3,Medium,1,Both morning and night,3,1-3 minutes,3,Occasionally,2,Dental floss,2,Once in 3 months,3,Never,0,No,3,23,76.66666666666667,3.3333333333333286,-6.666666666666671
2026-03-08 22:15:49.043000+00:00,4,20-30 years,Male,3-6 years,Bommanahalli,Full time,SDE-2,Yes,"Cleaning (Scaling), Deep cleaning (Root planing)",,0,10,0,1,2,1,3,0,0,3,3,3,Agree,Agree,Agree,Strongly Agree,Disagree,Agree,Strongly Disagree,Agree,Agree,Strongly Agree,0,0,1,2,1,0,3,0,3,1,Bangalore,Bangalore,Bommanahalli,exact Bangalore mapping: Bommanahalli,bommanahalli,Hard mineral deposit on the teeth,0,Stains caused by coffee or tea,0,Bleeding gums while brushing,1,Poor brushing technique,0,Gum disease,1,Processed sugary foods and drinks,1,Vitamin A,0,It only affects the mouth and teeth,0,Development of gum disease due to inflammation,1,Endodontics,0,4,40.0,3,3,3,4,3,3,1,2,3,4,29,72.5,Twice a day,3,Circular,3,Ultrasoft,2,Both morning and night,3,1-3 minutes,3,"Yes, everytime",3,Both scraper and floss,3,Once in 3 months,3,More than a year,1,No,3,27,90.0,-50.0,-17.5
2026-03-08 23:13:42.496000+00:00,3,20-30 years,Female,3-6 years,Tenkasi,Full time,General dentist,No,,,0,10,1,0,2,0,3,0,2,1,3,2,Agree,Agree,Agree,Agree,Disagree,Agree,Agree,Agree,Agree,Agree,0,3,0,2,1,1,0,0,1,1,Outside Bangalore,Tenkasi,Tenkasi,outside Bangalore or no Bangalore marker,tenkasi,A soft film of bacteria and food debris on the teeth,1,Hard mineral deposit on the teeth,1,Bleeding gums while brushing,1,Dental plaque accumulation,1,Gum disease,1,Processed sugary foods and drinks,1,Vitamin C,1,It can contribute to heart disease and diabetes,1,Development of gum disease due to inflammation,1,Periodontics,1,10,100.0,3,3,3,3,3,3,3,2,3,3,29,72.5,Twice a day,3,Mixed,1,Soft,3,Both morning and night,3,1-3 minutes,3,Occasionally,2,Tongue scraper,1,Once in 3 months,3,0-6 months ago,3,No,3,25,83.33333333333334,16.666666666666657,-10.833333333333343
2026-03-08 23:44:19.889000+00:00,2,20-30 years,Female,0-3 years,Chromepet,Hybrid,Post graduate,No,,,0,10,1,0,2,0,3,0,2,1,3,2,Agree,Agree,Disagree,Agree,Agree,Agree,Agree,Disagree,Agree,Agree,0,0,0,2,1,0,0,0,3,1,Outside Bangalore,Chromepet,Chromepet,outside Bangalore or no Bangalore marker,chromepet,A soft film of bacteria and food debris on the teeth,1,Hard mineral deposit on the teeth,1,Bleeding gums while brushing,1,Dental plaque accumulation,1,Gum disease,1,Processed sugary foods and drinks,1,Vitamin C,1,It can contribute to heart disease and diabetes,1,Development of gum disease due to inflammation,1,Periodontics,1,10,100.0,3,3,2,3,2,3,3,3,3,3,28,70.0,Twice a day,3,Circular,3,Soft,3,Both morning and night,3,1-3 minutes,3,"Yes, everytime",3,Tongue scraper,1,Once in 3 months,3,More than a year,1,No,3,26,86.66666666666667,13.333333333333329,-16.66666666666667
2026-03-09 00:04:59.624000+00:00,5,20-30 years,Male,0-3 years,Whitefield,Full time,Data Analyst,Yes,,Got a tooth cap because it was half broken,0,10,1,1,2,0,3,1,0,0,1,0,Disagree,Agree,Strongly Disagree,Disagree,Agree,Disagree,Disagree,Disagree,Agree,Disagree,0,0,1,2,1,1,2,3,1,1,Bangalore,Bangalore,Whitefield,exact Bangalore mapping: Whitefield,whitefield,A soft film of bacteria and food debris on the teeth,1,Stains caused by coffee or tea,0,Bleeding gums while brushing,1,Dental plaque accumulation,1,Gum disease,1,Leafy greens,0,Vitamin A,0,It boosts immunity,0,Improved oral hygiene habits,0,Orthodontics,0,4,40.0,2,3,1,2,2,2,2,3,3,2,22,55.00000000000001,Twice a day,3,Circular,3,Ultrasoft,2,Both morning and night,3,1-3 minutes,3,Occasionally,2,Toothpick,0,When bristles wear out,2,0-6 months ago,3,No,3,24,80.0,-40.0,-24.999999999999993
2026-03-09 01:06:29.868000+00:00,2,20-30 years,Female,3-6 years,Bellandur,Full time,Associate,No,,,0,10,1,0,2,0,3,0,2,0,3,2,Disagree,Strongly Agree,Disagree,Strongly Agree,Disagree,Agree,Strongly Agree,Disagree,Agree,Disagree,0,3,0,2,1,1,0,0,1,1,Bangalore,Bangalore,Bellandur,exact Bangalore mapping: Bellandur,bellandur,A soft film of bacteria and food debris on the teeth,1,Hard mineral deposit on the teeth,1,Bleeding gums while brushing,1,Dental plaque accumulation,1,Gum disease,1,Processed sugary foods and drinks,1,Vitamin C,1,It boosts immunity,0,Development of gum disease due to inflammation,1,Periodontics,1,9,90.0,2,4,2,4,3,3,4,3,3,2,30,75.0,Twice a day,3,Mixed,1,Soft,3,Both morning and night,3,1-3 minutes,3,Occasionally,2,Tongue scraper,1,Once in 3 months,3,0-6 months ago,3,No,3,25,83.33333333333334,6.666666666666657,-8.333333333333343
2026-03-09 02:15:41.560000+00:00,7,20-30 years,Male,3-6 years,Nagercoil,Hybrid,Research Analyst,No,,,0,10,1,0,2,1,3,0,2,1,1,3,Disagree,Disagree,Disagree,Disagree,Disagree,Disagree,Disagree,Disagree,Disagree,Disagree,1,1,1,1,1,1,1,1,1,1,Outside Bangalore,Nagercoil,Nagercoil,outside Bangalore or no Bangalore marker,nagercoil,A soft film of bacteria and food debris on the teeth,1,Hard mineral deposit on the teeth,1,Bleeding gums while brushing,1,Poor brushing technique,0,Gum disease,1,Processed sugary foods and drinks,1,Vitamin C,1,It can contribute to heart disease and diabetes,1,Improved oral hygiene habits,0,Endodontics,0,7,70.0,2,2,2,2,3,2,2,3,2,2,22,55.00000000000001,Thrice a day,2,Vertical,2,Ultrasoft,2,Only night,1,1-3 minutes,3,Occasionally,2,Dental floss,2,Once in 6 months,1,0-6 months ago,3,No,3,21,70.0,0.0,-14.999999999999993
2026-03-09 03:08:21.311000+00:00,4,30-40 years,Female,3-6 years,Trichy,Full time,Bds,No,,,0,10,1,0,2,0,3,0,3,1,3,2,Disagree,Disagree,Disagree,Disagree,Disagree,Disagree,Strongly Agree,Disagree,Disagree,Disagree,0,3,0,2,1,0,1,0,1,1,Outside Bangalore,Trichy,Trichy,outside Bangalore or no Bangalore marker,trichy,A soft film of bacteria and food debris on the teeth,1,Hard mineral deposit on the teeth,1,Bleeding gums while brushing,1,Dental plaque accumulation,1,Gum disease,1,Processed sugary foods and drinks,1,Vitamin D,0,It can contribute to heart disease and diabetes,1,Development of gum disease due to inflammation,1,Periodontics,1,9,90.0,2,2,2,2,3,2,4,3,2,2,24,60.0,Twice a day,3,Mixed,1,Soft,3,Both morning and night,3,1-3 minutes,3,"Yes, everytime",3,Dental floss,2,Once in 3 months,3,0-6 months ago,3,No,3,27,90.0,0.0,-30.0
2026-03-09 03:49:04.260000+00:00,5,30-40 years,Male,10-15 years,Kengeri,Full time,Software Engineer,Yes,Cleaning (Scaling),,0,10,2,1,2,1,3,0,2,1,3,2,Agree,Agree,Agree,Agree,Disagree,Agree,Agree,Disagree,Agree,Agree,0,3,2,2,1,0,2,0,3,1,Bangalore,Bangalore,Kengeri,exact Bangalore mapping: Kengeri,kengeri,Stains caused by coffee or tea,0,Stains caused by coffee or tea,0,Bleeding gums while brushing,1,Poor brushing technique,0,Gum disease,1,Processed sugary foods and drinks,1,Vitamin C,1,It can contribute to heart disease and diabetes,1,Development of gum disease due to inflammation,1,Periodontics,1,7,70.0,3,3,3,3,3,3,3,3,3,3,30,75.0,Twice a day,3,Mixed,1,Medium,1,Both morning and night,3,1-3 minutes,3,"Yes, everytime",3,Toothpick,0,Once in 3 months,3,More than a year,1,No,3,21,70.0,0.0,5.0
2026-03-09 04:26:26.186000+00:00,8,20-30 years,Male,3-6 years,Bangalore,Full time,Manager,No,,,0,10,0,2,2,1,3,0,2,1,3,0,Strongly Agree,Agree,Agree,Strongly Agree,Disagree,Agree,Disagree,Strongly Disagree,Agree,Strongly Agree,2,0,1,2,1,0,1,3,1,1,Bangalore,Bangalore,Bangalore (Unspecified),exact Bangalore mapping: Bangalore (Unspecified),bangalore,Hard mineral deposit on the teeth,0,A soft film of bacteria and food debris,0,Bleeding gums while brushing,1,Poor brushing technique,0,Gum disease,1,Processed sugary foods and drinks,1,Vitamin C,1,It can contribute to heart disease and diabetes,1,Development of gum disease due to inflammation,1,Orthodontics,0,6,60.0,4,3,3,4,3,3,2,4,3,4,33,82.5,Once a day,1,Circular,3,Ultrasoft,2,Both morning and night,3,1-3 minutes,3,"Yes, everytime",3,Dental floss,2,When bristles wear out,2,0-6 months ago,3,No,3,25,83.33333333333334,-23.333333333333343,-0.8333333333333428
2026-03-09 05:24:55.532000+00:00,2,20-30 years,Female,3-6 years,Nagercoil,Full time,Senior developer,No,,,0,10,1,0,2,0,3,0,2,1,3,2,Strongly Agree,Strongly Agree,Strongly Agree,Strongly Agree,Strongly Disagree,Strongly Agree,Strongly Disagree,Strongly Disagree,Strongly Agree,Strongly Agree,0,0,0,2,1,0,0,3,1,1,Outside Bangalore,Nagercoil,Nagercoil,outside Bangalore or no Bangalore marker,nagercoil,A soft film of bacteria and food debris on the teeth,1,Hard mineral deposit on the teeth,1,Bleeding gums while brushing,1,Dental plaque accumulation,1,Gum disease,1,Processed sugary foods and drinks,1,Vitamin C,1,It can contribute to heart disease and diabetes,1,Development of gum disease due to inflammation,1,Periodontics,1,10,100.0,4,4,4,4,4,4,1,4,4,4,37,92.5,Twice a day,3,Circular,3,Soft,3,Both morning and night,3,1-3 minutes,3,"Yes, everytime",3,Tongue scraper,1,When bristles wear out,2,0-6 months ago,3,No,3,27,90.0,10.0,2.5
2026-03-09 06:15:33.377000+00:00,3,30-40 years,Male,15+ years,Hyderabad,Full time,Project manager,Yes,Deep cleaning (Root planing),,0,10,3,1,3,2,3,0,1,3,3,0,Disagree,Disagree,Disagree,Agree,Agree,Disagree,Disagree,Agree,Agree,Agree,0,0,0,2,1,0,2,0,3,1,Outside Bangalore,Hyderabad,Hyderabad,outside Bangalore or no Bangalore marker,hyderabad,Protective layer on the enamel,0,Stains caused by coffee or tea,0,Jaw pain,0,Tooth decay,0,Gum disease,1,Processed sugary foods and drinks,1,Vitamin B,0,It only affects the mouth and teeth,0,Development of gum disease due to inflammation,1,Orthodontics,0,3,30.0,2,2,2,3,2,2,2,2,3,3,23,57.49999999999999,Twice a day,3,Circular,3,Soft,3,Both morning and night,3,1-3 minutes,3,"Yes, everytime",3,Toothpick,0,Once in 3 months,3,More than a year,1,No,3,25,83.33333333333334,-53.33333333333334,-25.83333333333335
2026-03-09 07:06:07.025000+00:00,8,40-50 years,Male,15+ years,Bengaluru,Work from home (Remote),Senior management,Yes,Cleaning (Scaling),,0,10,0,2,2,1,3,0,1,1,3,3,Strongly Agree,Agree,Disagree,Agree,Disagree,Agree,Agree,Disagree,Agree,Agree,0,1,2,2,1,1,1,0,1,2,Bangalore,Bangalore,Bangalore (Unspecified),exact Bangalore mapping: Bangalore (Unspecified),bengaluru,Hard mineral deposit on the teeth,0,A soft film of bacteria and food debris,0,Bleeding gums while brushing,1,Poor brushing technique,0,Gum disease,1,Processed sugary foods and drinks,1,Vitamin B,0,It can contribute to heart disease and diabetes,1,Development of gum disease due to inflammation,1,Endodontics,0,5,50.0,4,3,2,3,3,3,3,3,3,3,30,75.0,Twice a day,3,Vertical,2,Medium,1,Both morning and night,3,1-3 minutes,3,Occasionally,2,Dental floss,2,Once in 3 months,3,0-6 months ago,3,Sometimes,1,23,76.66666666666667,-26.66666666666667,-1.6666666666666714
2026-03-09 07:39:38.629000+00:00,4,20-30 years,Male,3-6 years,Hsr layout,Full time,Lead Engineer,No,,,0,10,1,1,2,1,2,0,3,1,3,2,Disagree,Agree,Disagree,Agree,Strongly Disagree,Agree,Agree,Disagree,Agree,Agree,0,0,0,2,0,0,0,0,1,1,Bangalore,Bangalore,HSR Layout,exact Bangalore mapping: HSR Layout,hsr layout,A soft film of bacteria and food debris on the teeth,1,Stains caused by coffee or tea,0,Bleeding gums while brushing,1,Poor brushing technique,0,Cold beverages,0,Processed sugary foods and drinks,1,Vitamin D,0,It can contribute to heart disease and diabetes,1,Development of gum disease due to inflammation,1,Periodontics,1,6,60.0,2,3,2,3,4,3,3,3,3,3,29,72.5,Twice a day,3,Circular,3,Soft,3,Both morning and night,3,Less than 1 minute,0,"Yes, everytime",3,Tongue scraper,1,Once in 3 months,3,0-6 months ago,3,No,3,25,83.33333333333334,-23.333333333333343,-10.833333333333343
2026-03-09 07:58:10.218000+00:00,9,30-40 years,Male,6-10 years,Indiranagar,Full time,TEAM LEAD,Yes,"Deep cleaning (Root planing), Cleaning (Scaling)",,0,10,1,2,2,2,3,0,3,1,3,1,Strongly Disagree,Disagree,Disagree,Disagree,Disagree,Disagree,Disagree,Disagree,Disagree,Strongly Disagree,0,0,0,0,1,0,2,1,1,1,Bangalore,Bangalore,Indiranagar,exact Bangalore mapping: Indiranagar,indiranagar,A soft film of bacteria and food debris on the teeth,1,A soft film of bacteria and food debris,0,Bleeding gums while brushing,1,Tooth decay,0,Gum disease,1,Processed sugary foods and drinks,1,Vitamin D,0,It can contribute to heart disease and diabetes,1,Development of gum disease due to inflammation,1,Prosthodontics,0,6,60.0,1,2,2,2,3,2,2,3,2,1,20,50.0,Twice a day,3,Circular,3,Soft,3,Only morning,1,1-3 minutes,3,"Yes, everytime",3,Toothpick,0,Once in 6 months,1,0-6 months ago,3,No,3,23,76.66666666666667,-16.66666666666667,-26.66666666666667
2026-03-09 08:15:03.833000+00:00,144,20-30 years,Male,0-3 years,Bangalore,Hybrid,Software engineer,No,,,0,10,1,3,2,1,3,0,2,3,3,0,Agree,Agree,Agree,Agree,Disagree,Agree,Agree,Disagree,Disagree,Agree,0,3,1,2,1,1,3,0,3,1,Bangalore,Bangalore,Bangalore (Unspecified),exact Bangalore mapping: Bangalore (Unspecified),bangalore,A soft film of bacteria and food debris on the teeth,1,Protective layer on the enamel,0,Bleeding gums while brushing,1,Poor brushing technique,0,Gum disease,1,Processed sugary foods and drinks,1,Vitamin C,1,It only affects the mouth and teeth,0,Development of gum disease due to inflammation,1,Orthodontics,0,6,60.0,3,3,3,3,3,3,3,3,2,3,29,72.5,Twice a day,3,Mixed,1,Ultrasoft,2,Both morning and night,3,1-3 minutes,3,Occasionally,2,Both scraper and floss,3,Once in 3 months,3,More than a year,1,No,3,24,80.0,-20.0,-7.5
2026-03-09 09:19:47.510000+00:00,4,20-30 years,Male,0-3 years,Chennai,Full time,Software developer,No,,,0,10,1,3,2,3,3,0,2,2,0,1,Agree,Agree,Agree,Agree,Disagree,Agree,Agree,Strongly Agree,Agree,Agree,0,3,0,3,3,0,0,3,0,1,Outside Bangalore,Chennai,Chennai,outside Bangalore or no Bangalore marker,chennai,A soft film of bacteria and food debris on the teeth,1,Protective layer on the enamel,0,Bleeding gums while brushing,1,Lack of calcium,0,Gum disease,1,Processed sugary foods and drinks,1,Vitamin C,1,It lowers blood sugar levels,0,Increased salivary flow,0,Prosthodontics,0,5,50.0,3,3,3,3,3,3,3,1,3,3,28,70.0,Twice a day,3,Mixed,1,Soft,3,After lunch and breakfast,2,More than 5 minutes,1,"Yes, everytime",3,Tongue scraper,1,When bristles wear out,2,Never,0,No,3,19,63.33333333333333,-13.333333333333329,6.666666666666671
2026-03-09 10:12:43.347000+00:00,4,30-40 years,Female,6-10 years,Guduvancheri,Hybrid,MTS,No,,,0,10,0,2,2,1,3,0,1,2,3,2,Agree,Agree,Disagree,Agree,Disagree,Agree,Agree,Disagree,Disagree,Agree,0,3,1,0,1,1,0,1,2,1,Outside Bangalore,Guduvancheri,Guduvancheri,outside Bangalore or no Bangalore marker,guduvancheri,Hard mineral deposit on the teeth,0,A soft film of bacteria and food debris,0,Bleeding gums while brushing,1,Poor brushing technique,0,Gum disease,1,Processed sugary foods and drinks,1,Vitamin B,0,It lowers blood sugar levels,0,Development of gum disease due to inflammation,1,Periodontics,1,5,50.0,3,3,2,3,3,3,3,3,2,3,28,70.0,Twice a day,3,Mixed,1,Ultrasoft,2,Only morning,1,1-3 minutes,3,Occasionally,2,Tongue scraper,1,Once in 6 months,1,7-12 months ago,2,No,3,19,63.33333333333333,-13.333333333333329,6.666666666666671
2026-03-09 11:04:05.507000+00:00,5,50-60 years,Male,15+ years,Gottigere,Full time,Manager,No,,,0,10,1,0,0,1,3,0,3,1,3,2,Disagree,Disagree,Disagree,Disagree,Disagree,Disagree,Disagree,Agree,Agree,Agree,0,0,0,2,1,0,1,0,0,0,Bangalore,Bangalore,Gottigere,exact Bangalore mapping: Gottigere,gottigere,A soft film of bacteria and food debris on the teeth,1,Hard mineral deposit on the teeth,1,White spots on the teeth,0,Poor brushing technique,0,Gum disease,1,Processed sugary foods and drinks,1,Vitamin D,0,It can contribute to heart disease and diabetes,1,Development of gum disease due to inflammation,1,Periodontics,1,7,70.0,2,2,2,2,3,2,2,2,3,3,23,57.49999999999999,Twice a day,3,Circular,3,Soft,3,Both morning and night,3,1-3 minutes,3,"Yes, everytime",3,Dental floss,2,Once in 3 months,3,Never,0,Yes,0,23,76.66666666666667,-6.666666666666671,-19.16666666666668
2026-03-09 12:17:19.900000+00:00,6,20-30 years,Male,3-6 years,Bangalore,Full time,Automation engineer,No,,,0,10,2,1,2,1,3,0,3,0,0,1,Disagree,Disagree,Strongly Agree,Agree,Agree,Disagree,Agree,Agree,Disagree,Agree,0,0,0,2,1,0,0,0,3,3,Bangalore,Bangalore,Bangalore (Unspecified),exact Bangalore mapping: Bangalore (Unspecified),bangalore,Stains caused by coffee or tea,0,Stains caused by coffee or tea,0,Bleeding gums while brushing,1,Poor brushing technique,0,Gum disease,1,Processed sugary foods and drinks,1,Vitamin D,0,It boosts immunity,0,Increased salivary flow,0,Prosthodontics,0,3,30.0,2,2,4,3,2,2,3,2,2,3,25,62.5,Twice a day,3,Circular,3,Soft,3,Both morning and night,3,1-3 minutes,3,"Yes, everytime",3,Tongue scraper,1,Once in 3 months,3,More than a year,1,Have quit,2,25,83.33333333333334,-53.33333333333334,-20.833333333333343
2026-03-09 13:28:39.638000+00:00,22,40-50 years,Male,15+ years,Bengaluru,Work from home (Remote),Senior management,Yes,Cleaning (Scaling),,0,10,0,2,2,1,3,0,1,1,3,3,Strongly Agree,Agree,Disagree,Agree,Disagree,Agree,Agree,Disagree,Agree,Agree,0,1,2,2,1,1,1,0,1,2,Bangalore,Bangalore,Bangalore (Unspecified),exact Bangalore mapping: Bangalore (Unspecified),bengaluru,Hard mineral deposit on the teeth,0,A soft film of bacteria and food debris,0,Bleeding gums while brushing,1,Poor brushing technique,0,Gum disease,1,Processed sugary foods and drinks,1,Vitamin B,0,It can contribute to heart disease and diabetes,1,Development of gum disease due to inflammation,1,Endodontics,0,5,50.0,4,3,2,3,3,3,3,3,3,3,30,75.0,Twice a day,3,Vertical,2,Medium,1,Both morning and night,3,1-3 minutes,3,Occasionally,2,Dental floss,2,Once in 3 months,3,0-6 months ago,3,Sometimes,1,23,76.66666666666667,-26.66666666666667,-1.6666666666666714
2026-03-09 13:55:26.970000+00:00,6,20-30 years,Male,0-3 years,Chennai,Full time,Software Engineer,No,,,0,10,2,0,3,1,0,0,3,3,1,0,Disagree,Strongly Agree,Strongly Agree,Strongly Agree,Disagree,Agree,Disagree,Agree,Disagree,Agree,0,2,1,2,2,0,0,2,0,0,Outside Bangalore,Chennai,Chennai,outside Bangalore or no Bangalore marker,chennai,Stains caused by coffee or tea,0,Hard mineral deposit on the teeth,1,Jaw pain,0,Poor brushing technique,0,Frequent brushing,0,Processed sugary foods and drinks,1,Vitamin D,0,It only affects the mouth and teeth,0,Improved oral hygiene habits,0,Orthodontics,0,2,20.0,2,4,4,4,3,3,2,2,2,3,29,72.5,Twice a day,3,Horizontal,0,Ultrasoft,2,Both morning and night,3,3-5 minutes,2,"Yes, everytime",3,Tongue scraper,1,Once in a year,0,Never,0,Yes,0,14,46.666666666666664,-26.666666666666664,25.833333333333336
2026-03-09 14:48:47.124000+00:00,5,20-30 years,Female,3-6 years,Tenkasi,Full time,General dentist,No,,,0,10,1,0,2,0,3,0,2,1,3,2,Agree,Agree,Agree,Agree,Disagree,Agree,Agree,Agree,Agree,Agree,0,3,0,2,1,1,0,0,1,1,Outside Bangalore,Tenkasi,Tenkasi,outside Bangalore or no Bangalore marker,tenkasi,A soft film of bacteria and food debris on the teeth,1,Hard mineral deposit on the teeth,1,Bleeding gums while brushing,1,Dental plaque accumulation,1,Gum disease,1,Processed sugary foods and drinks,1,Vitamin C,1,It can contribute to heart disease and diabetes,1,Development of gum disease due to inflammation,1,Periodontics,1,10,100.0,3,3,3,3,3,3,3,2,3,3,29,72.5,Twice a day,3,Mixed,1,Soft,3,Both morning and night,3,1-3 minutes,3,Occasionally,2,Tongue scraper,1,Once in 3 months,3,0-6 months ago,3,No,3,25,83.33333333333334,16.666666666666657,-10.833333333333343
2026-03-09 15:56:12.732000+00:00,6,20-30 years,Male,6-10 years,Madurai,Full time,Developer,No,,,0,10,3,3,3,3,3,3,3,0,3,2,Strongly Disagree,Strongly Disagree,Agree,Strongly Disagree,Strongly Agree,Strongly Agree,Strongly Agree,Strongly Agree,Strongly Agree,Strongly Agree,3,3,3,2,3,3,3,3,3,3,Outside Bangalore,Madurai,Madurai,outside Bangalore or no Bangalore marker,madurai,Protective layer on the enamel,0,Protective layer on the enamel,0,Jaw pain,0,Lack of calcium,0,Gum disease,1,Whole grains,0,Vitamin D,0,It boosts immunity,0,Development of gum disease due to inflammation,1,Periodontics,1,3,30.0,1,1,3,1,1,4,4,1,4,4,24,60.0,Occasionally,0,Mixed,1,Hard,0,Both morning and night,3,More than 5 minutes,1,Only after dinner,1,Both scraper and floss,3,When bristles wear out,2,More than a year,1,Have quit,2,14,46.666666666666664,-16.666666666666664,13.333333333333336
2026-03-09 16:35:19.455000+00:00,4,30-40 years,Male,10-15 years,Ulsoor,Full time,Business Analyst,No,,,0,10,1,0,2,0,3,0,2,1,0,2,Disagree,Disagree,Disagree,Disagree,Disagree,Disagree,Disagree,Disagree,Disagree,Agree,2,0,1,0,1,0,2,1,3,1,Bangalore,Bangalore,Ulsoor,exact Bangalore mapping: Ulsoor,ulsoor,A soft film of bacteria and food debris on the teeth,1,Hard mineral deposit on the teeth,1,Bleeding gums while brushing,1,Dental plaque accumulation,1,Gum disease,1,Processed sugary foods and drinks,1,Vitamin C,1,It can contribute to heart disease and diabetes,1,Increased salivary flow,0,Periodontics,1,9,90.0,2,2,2,2,3,2,2,3,2,3,23,57.49999999999999,Once a day,1,Circular,3,Ultrasoft,2,Only morning,1,1-3 minutes,3,"Yes, everytime",3,Toothpick,0,Once in 6 months,1,More than a year,1,No,3,18,60.0,30.0,-2.500000000000007
2026-03-09 17:50:13.439000+00:00,7,20-30 years,Male,0-3 years,Bengaluru,Full time,Consultant,No,,,0,10,0,1,1,0,3,1,2,3,3,2,Agree,Disagree,Disagree,Agree,Agree,Disagree,Agree,Agree,Agree,Agree,0,0,2,2,1,0,3,1,0,1,Bangalore,Bangalore,Bangalore (Unspecified),exact Bangalore mapping: Bangalore (Unspecified),bengaluru,Hard mineral deposit on the teeth,0,Stains caused by coffee or tea,0,Dry mouth,0,Dental plaque accumulation,1,Gum disease,1,Leafy greens,0,Vitamin C,1,It only affects the mouth and teeth,0,Development of gum disease due to inflammation,1,Periodontics,1,5,50.0,3,2,2,3,2,2,3,2,3,3,25,62.5,Twice a day,3,Circular,3,Medium,1,Both morning and night,3,1-3 minutes,3,"Yes, everytime",3,Both scraper and floss,3,Once in 6 months,1,Never,0,No,3,23,76.66666666666667,-26.66666666666667,-14.166666666666671
2026-03-09 18:22:23.227000+00:00,6,20-30 years,Female,0-3 years,Banglore,Full time,Engineer,Yes,Cleaning (Scaling),,0,10,1,0,2,1,3,0,2,3,3,2,Disagree,Agree,Disagree,Agree,Agree,Agree,Agree,Agree,Agree,Disagree,2,3,0,0,2,1,2,1,1,2,Bangalore,Bangalore,Bangalore (Unspecified),exact Bangalore mapping: Bangalore (Unspecified),banglore,A soft film of bacteria and food debris on the teeth,1,Hard mineral deposit on the teeth,1,Bleeding gums while brushing,1,Poor brushing technique,0,Gum disease,1,Processed sugary foods and drinks,1,Vitamin C,1,It only affects the mouth and teeth,0,Development of gum disease due to inflammation,1,Periodontics,1,8,80.0,2,3,2,3,2,3,3,2,3,2,25,62.5,Once a day,1,Mixed,1,Soft,3,Only morning,1,3-5 minutes,2,Occasionally,2,Toothpick,0,Once in 6 months,1,0-6 months ago,3,Sometimes,1,15,50.0,30.0,12.5
2026-03-09 18:43:55.091000+00:00,9,20-30 years,Male,0-3 years,DODDABALLAPURA,Full time,Trainee,No,,,0,10,3,3,2,1,3,0,2,0,1,3,Strongly Disagree,Strongly Agree,Strongly Agree,Strongly Disagree,Strongly Agree,Strongly Agree,Strongly Agree,Strongly Disagree,Strongly Agree,Strongly Disagree,2,2,2,0,1,3,2,1,3,1,Bangalore,Bangalore,Doddaballapura,exact Bangalore mapping: Doddaballapura,doddaballapura,Protective layer on the enamel,0,Protective layer on the enamel,0,Bleeding gums while brushing,1,Poor brushing technique,0,Gum disease,1,Processed sugary foods and drinks,1,Vitamin C,1,It boosts immunity,0,Improved oral hygiene habits,0,Endodontics,0,4,40.0,1,4,4,1,1,4,4,4,4,1,28,70.0,Once a day,1,Horizontal,0,Medium,1,Only morning,1,1-3 minutes,3,Only after dinner,1,Toothpick,0,Once in 6 months,1,More than a year,1,No,3,12,40.0,0.0,30.0
2026-03-09 19:39:19.822000+00:00,144,30-40 years,Male,10-15 years,Nagercoil,Full time,Business Analyst,No,,,0,10,1,0,2,0,3,1,2,1,3,2,Disagree,Disagree,Disagree,Disagree,Disagree,Disagree,Disagree,Disagree,Disagree,Disagree,2,0,2,0,1,0,2,1,3,1,Outside Bangalore,Nagercoil,Nagercoil,outside Bangalore or no Bangalore marker,nagercoil,A soft film of bacteria and food debris on the teeth,1,Hard mineral deposit on the teeth,1,Bleeding gums while brushing,1,Dental plaque accumulation,1,Gum disease,1,Leafy greens,0,Vitamin C,1,It can contribute to heart disease and diabetes,1,Development of gum disease due to inflammation,1,Periodontics,1,9,90.0,2,2,2,2,3,2,2,3,2,2,22,55.00000000000001,Once a day,1,Circular,3,Medium,1,Only morning,1,1-3 minutes,3,"Yes, everytime",3,Toothpick,0,Once in 6 months,1,More than a year,1,No,3,17,56.666666666666664,33.333333333333336,-1.6666666666666572
2026-03-09 20:32:06.560000+00:00,4,20-30 years,Male,3-6 years,Chennai,Full time,Product Expert,No,,,0,10,1,1,2,0,3,0,2,1,3,2,Strongly Agree,Agree,Agree,Agree,Disagree,Agree,Strongly Disagree,Strongly Disagree,Agree,Agree,0,3,2,2,1,1,0,0,1,1,Outside Bangalore,Chennai,Chennai,outside Bangalore or no Bangalore marker,chennai,A soft film of bacteria and food debris on the teeth,1,Stains caused by coffee or tea,0,Bleeding gums while brushing,1,Dental plaque accumulation,1,Gum disease,1,Processed sugary foods and drinks,1,Vitamin C,1,It can contribute to heart disease and diabetes,1,Development of gum disease due to inflammation,1,Periodontics,1,9,90.0,4,3,3,3,3,3,1,4,3,3,30,75.0,Twice a day,3,Mixed,1,Medium,1,Both morning and night,3,1-3 minutes,3,Occasionally,2,Tongue scraper,1,Once in 3 months,3,0-6 months ago,3,No,3,23,76.66666666666667,13.333333333333329,-1.6666666666666714
2026-03-09 20:50:47.337000+00:00,6,30-40 years,Female,6-10 years,Shanti Nagar,Full time,Sr ML Engineer,No,,,0,10,1,0,2,0,3,0,0,1,3,2,Strongly Agree,Strongly Agree,Agree,Strongly Agree,Strongly Disagree,Strongly Agree,Strongly Agree,Strongly Disagree,Agree,Strongly Agree,0,1,0,2,2,1,3,1,1,2,Bangalore,Bangalore,Shanti Nagar,exact Bangalore mapping: Shanti Nagar,shanti nagar,A soft film of bacteria and food debris on the teeth,1,Hard mineral deposit on the teeth,1,Bleeding gums while brushing,1,Dental plaque accumulation,1,Gum disease,1,Processed sugary foods and drinks,1,Vitamin A,0,It can contribute to heart disease and diabetes,1,Development of gum disease due to inflammation,1,Periodontics,1,9,90.0,4,4,3,4,4,4,4,4,3,4,38,95.0,Twice a day,3,Vertical,2,Soft,3,Both morning and night,3,3-5 minutes,2,Occasionally,2,Both scraper and floss,3,Once in 6 months,1,0-6 months ago,3,Sometimes,1,23,76.66666666666667,13.333333333333329,18.33333333333333
2026-03-09 21:50:57.042000+00:00,233,20-30 years,Female,0-3 years,Bellandur,Full time,SDE 1,No,,,0,10,0,0,2,2,3,0,1,3,3,3,Agree,Agree,Agree,Agree,Disagree,Agree,Agree,Disagree,Agree,Agree,2,2,0,0,2,0,2,0,1,1,Bangalore,Bangalore,Bellandur,exact Bangalore mapping: Bellandur,bellandur,Hard mineral deposit on the teeth,0,Hard mineral deposit on the teeth,1,Bleeding gums while brushing,1,Tooth decay,0,Gum disease,1,Processed sugary foods and drinks,1,Vitamin B,0,It only affects the mouth and teeth,0,Development of gum disease due to inflammation,1,Endodontics,0,5,50.0,3,3,3,3,3,3,3,3,3,3,30,75.0,Once a day,1,Horizontal,0,Soft,3,Only morning,1,3-5 minutes,2,"Yes, everytime",3,Toothpick,0,Once in 3 months,3,0-6 months ago,3,No,3,19,63.33333333333333,-13.333333333333329,11.666666666666671
2026-03-09 22:55:02.997000+00:00,7,20-30 years,Female,3-6 years,Bellandur,Full time,Associate consultant,No,,,0,10,1,3,2,3,3,0,2,2,3,2,Agree,Agree,Agree,Agree,Strongly Agree,Agree,Agree,Disagree,Agree,Agree,2,2,0,0,1,2,2,0,0,1,Bangalore,Bangalore,Bellandur,exact Bangalore mapping: Bellandur,bellandur,A soft film of bacteria and food debris on the teeth,1,Protective layer on the enamel,0,Bleeding gums while brushing,1,Lack of calcium,0,Gum disease,1,Processed sugary foods and drinks,1,Vitamin C,1,It lowers blood sugar levels,0,Development of gum disease due to inflammation,1,Periodontics,1,7,70.0,3,3,3,3,1,3,3,3,3,3,28,70.0,Once a day,1,Horizontal,0,Soft,3,Only morning,1,1-3 minutes,3,Never,0,Toothpick,0,Once in 3 months,3,Never,0,No,3,14,46.666666666666664,23.333333333333336,23.333333333333336
2026-03-09 23:28:13.751000+00:00,7,20-30 years,Male,0-3 years,Hyderabad,Full time,Technical Consultant,No,,,0,10,1,2,0,2,3,0,1,1,3,3,Disagree,Disagree,Disagree,Disagree,Disagree,Disagree,Disagree,Disagree,Agree,Agree,0,1,0,2,1,0,0,0,3,1,Outside Bangalore,Hyderabad,Hyderabad,outside Bangalore or no Bangalore marker,hyderabad,A soft film of bacteria and food debris on the teeth,1,A soft film of bacteria and food debris,0,White spots on the teeth,0,Tooth decay,0,Gum disease,1,Processed sugary foods and drinks,1,Vitamin B,0,It can contribute to heart disease and diabetes,1,Development of gum disease due to inflammation,1,Endodontics,0,5,50.0,2,2,2,2,3,2,2,3,3,3,24,60.0,Twice a day,3,Vertical,2,Soft,3,Both morning and night,3,1-3 minutes,3,"Yes, everytime",3,Tongue scraper,1,Once in 3 months,3,More than a year,1,No,3,25,83.33333333333334,-33.33333333333334,-23.333333333333343
2026-03-10 00:30:43.211000+00:00,11,20-30 years,Female,3-6 years,HSR layout,Full time,BDS,Yes,Cleaning (Scaling),,0,10,1,2,2,0,2,0,3,1,3,2,Strongly Disagree,Strongly Disagree,Strongly Agree,Strongly Disagree,Strongly Disagree,Strongly Disagree,Strongly Agree,Strongly Disagree,Strongly Agree,Strongly Agree,2,0,0,0,1,0,1,0,1,1,Bangalore,Bangalore,HSR Layout,exact Bangalore mapping: HSR Layout,hsr layout,A soft film of bacteria and food debris on the teeth,1,A soft film of bacteria and food debris,0,Bleeding gums while brushing,1,Dental plaque accumulation,1,Cold beverages,0,Processed sugary foods and drinks,1,Vitamin D,0,It can contribute to heart disease and diabetes,1,Development of gum disease due to inflammation,1,Periodontics,1,7,70.0,1,1,4,1,4,1,4,4,4,4,28,70.0,Once a day,1,Circular,3,Soft,3,Only morning,1,1-3 minutes,3,"Yes, everytime",3,Dental floss,2,Once in 3 months,3,0-6 months ago,3,No,3,25,83.33333333333334,-13.333333333333343,-13.333333333333343
2026-03-10 01:16:12.635000+00:00,6,50-60 years,Male,15+ years,Yelahanka,Work from home (Remote),Sr mgr,No,,,0,10,2,1,2,3,3,0,3,1,3,2,Agree,Agree,Agree,Agree,Disagree,Agree,Agree,Disagree,Agree,Agree,2,3,2,0,1,2,0,0,3,1,Bangalore,Bangalore,Yelahanka,exact Bangalore mapping: Yelahanka,yelahanka,Stains caused by coffee or tea,0,Stains caused by coffee or tea,0,Bleeding gums while brushing,1,Lack of calcium,0,Gum disease,1,Processed sugary foods and drinks,1,Vitamin D,0,It can contribute to heart disease and diabetes,1,Development of gum disease due to inflammation,1,Periodontics,1,6,60.0,3,3,3,3,3,3,3,3,3,3,30,75.0,Once a day,1,Mixed,1,Medium,1,Only morning,1,1-3 minutes,3,Never,0,Tongue scraper,1,Once in 3 months,3,More than a year,1,No,3,15,50.0,10.0,25.0
2026-03-10 01:53:28.401000+00:00,9,30-40 years,Male,6-10 years,Bangalore,Full time,Software engineer,No,,,0,10,0,1,2,3,2,0,3,1,3,1,Strongly Agree,Strongly Agree,Agree,Strongly Agree,Disagree,Agree,Agree,Disagree,Disagree,Agree,0,3,0,2,1,0,2,0,1,2,Bangalore,Bangalore,Bangalore (Unspecified),exact Bangalore mapping: Bangalore (Unspecified),bangalore,Hard mineral deposit on the teeth,0,Stains caused by coffee or tea,0,Bleeding gums while brushing,1,Lack of calcium,0,Cold beverages,0,Processed sugary foods and drinks,1,Vitamin D,0,It can contribute to heart disease and diabetes,1,Development of gum disease due to inflammation,1,Prosthodontics,0,4,40.0,4,4,3,4,3,3,3,3,2,3,32,80.0,Twice a day,3,Mixed,1,Soft,3,Both morning and night,3,1-3 minutes,3,"Yes, everytime",3,Toothpick,0,Once in 3 months,3,0-6 months ago,3,Sometimes,1,23,76.66666666666667,-36.66666666666667,3.3333333333333286
2026-03-10 02:50:19.710000+00:00,2,20-30 years,Male,0-3 years,Bangalore,Hybrid,Software engineer,No,,,0,10,0,3,2,1,3,0,2,3,3,0,Agree,Agree,Agree,Agree,Disagree,Agree,Agree,Disagree,Disagree,Agree,0,3,0,0,1,1,3,0,3,1,Bangalore,Bangalore,Bangalore (Unspecified),exact Bangalore mapping: Bangalore (Unspecified),bangalore,Hard mineral deposit on the teeth,0,Protective layer on the enamel,0,Bleeding gums while brushing,1,Poor brushing technique,0,Gum disease,1,Processed sugary foods and drinks,1,Vitamin C,1,It only affects the mouth and teeth,0,Development of gum disease due to inflammation,1,Orthodontics,0,5,50.0,3,3,3,3,3,3,3,3,2,3,29,72.5,Twice a day,3,Mixed,1,Soft,3,Only morning,1,1-3 minutes,3,Occasionally,2,Both scraper and floss,3,Once in 3 months,3,More than a year,1,No,3,23,76.66666666666667,-26.66666666666667,-4.166666666666671
2026-03-10 04:01:55.544000+00:00,6,20-30 years,Female,0-3 years,Banglore,Full time,Engineer,Yes,Cleaning (Scaling),,0,10,1,0,2,1,3,0,2,3,3,2,Disagree,Agree,Disagree,Agree,Agree,Agree,Agree,Agree,Agree,Disagree,2,3,0,0,2,1,1,1,2,2,Bangalore,Bangalore,Bangalore (Unspecified),exact Bangalore mapping: Bangalore (Unspecified),banglore,A soft film of bacteria and food debris on the teeth,1,Hard mineral deposit on the teeth,1,Bleeding gums while brushing,1,Poor brushing technique,0,Gum disease,1,Processed sugary foods and drinks,1,Vitamin C,1,It only affects the mouth and teeth,0,Development of gum disease due to inflammation,1,Periodontics,1,8,80.0,2,3,2,3,2,3,3,2,3,2,25,62.5,Once a day,1,Mixed,1,Soft,3,Only morning,1,3-5 minutes,2,Occasionally,2,Dental floss,2,Once in 6 months,1,7-12 months ago,2,Sometimes,1,16,53.333333333333336,26.666666666666664,9.166666666666664
2026-03-10 05:10:39.542000+00:00,4,20-30 years,Female,0-3 years,Bangalore,Hybrid,HR,No,,,0,10,1,0,2,0,3,0,3,0,3,2,Strongly Agree,Strongly Agree,Strongly Agree,Strongly Agree,Strongly Disagree,Strongly Agree,Agree,Disagree,Strongly Agree,Strongly Agree,2,0,2,0,0,0,1,0,1,1,Bangalore,Bangalore,Bangalore (Unspecified),exact Bangalore mapping: Bangalore (Unspecified),bangalore,A soft film of bacteria and food debris on the teeth,1,Hard mineral deposit on the teeth,1,Bleeding gums while brushing,1,Dental plaque accumulation,1,Gum disease,1,Processed sugary foods and drinks,1,Vitamin D,0,It boosts immunity,0,Development of gum disease due to inflammation,1,Periodontics,1,8,80.0,4,4,4,4,4,4,3,3,4,4,38,95.0,Once a day,1,Circular,3,Medium,1,Only morning,1,Less than 1 minute,0,"Yes, everytime",3,Dental floss,2,Once in 3 months,3,0-6 months ago,3,No,3,20,66.66666666666666,13.333333333333343,28.333333333333343
2026-03-10 05:58:13.844000+00:00,11,20-30 years,Male,3-6 years,HAL,Full time,BDS,Yes,Cleaning (Scaling),,0,10,1,0,2,1,3,0,2,1,3,2,Agree,Agree,Agree,Strongly Agree,Strongly Disagree,Strongly Agree,Agree,Strongly Disagree,Agree,Strongly Agree,0,3,0,2,1,0,0,1,2,1,Bangalore,Bangalore,HAL,exact Bangalore mapping: HAL,hal,A soft film of bacteria and food debris on the teeth,1,Hard mineral deposit on the teeth,1,Bleeding gums while brushing,1,Poor brushing technique,0,Gum disease,1,Processed sugary foods and drinks,1,Vitamin C,1,It can contribute to heart disease and diabetes,1,Development of gum disease due to inflammation,1,Periodontics,1,9,90.0,3,3,3,4,4,4,3,4,3,4,35,87.5,Twice a day,3,Mixed,1,Soft,3,Both morning and night,3,1-3 minutes,3,"Yes, everytime",3,Tongue scraper,1,Once in 6 months,1,7-12 months ago,2,No,3,23,76.66666666666667,13.333333333333329,10.833333333333329
2026-03-10 06:17:04.288000+00:00,34,20-30 years,Male,3-6 years,Salem,Full time,Pursuing MDS,No,,,0,10,1,0,2,0,3,0,2,1,3,2,Disagree,Disagree,Disagree,Agree,Disagree,Agree,Agree,Disagree,Agree,Agree,0,0,0,2,1,0,0,0,1,1,Outside Bangalore,Salem,Salem,outside Bangalore or no Bangalore marker,salem,A soft film of bacteria and food debris on the teeth,1,Hard mineral deposit on the teeth,1,Bleeding gums while brushing,1,Dental plaque accumulation,1,Gum disease,1,Processed sugary foods and drinks,1,Vitamin C,1,It can contribute to heart disease and diabetes,1,Development of gum disease due to inflammation,1,Periodontics,1,10,100.0,2,2,2,3,3,3,3,3,3,3,27,67.5,Twice a day,3,Circular,3,Soft,3,Both morning and night,3,1-3 minutes,3,"Yes, everytime",3,Tongue scraper,1,Once in 3 months,3,0-6 months ago,3,No,3,28,93.33333333333333,6.666666666666671,-25.83333333333333
2026-03-10 06:41:25.951000+00:00,5,30-40 years,Female,10-15 years,Hosur,Hybrid,Test Engineer,Yes,"Cleaning (Scaling), Deep cleaning (Root planing)",Root canal,0,10,0,0,2,0,3,0,1,1,3,2,Strongly Agree,Strongly Agree,Agree,Strongly Disagree,Strongly Agree,Strongly Agree,Agree,Disagree,Agree,Strongly Agree,2,3,0,0,1,1,2,2,1,1,Outside Bangalore,Hosur,Hosur,outside Bangalore or no Bangalore marker,hosur,Hard mineral deposit on the teeth,0,Hard mineral deposit on the teeth,1,Bleeding gums while brushing,1,Dental plaque accumulation,1,Gum disease,1,Processed sugary foods and drinks,1,Vitamin B,0,It can contribute to heart disease and diabetes,1,Development of gum disease due to inflammation,1,Periodontics,1,8,80.0,4,4,3,1,1,4,3,3,3,4,30,75.0,Once a day,1,Mixed,1,Soft,3,Only morning,1,1-3 minutes,3,Occasionally,2,Toothpick,0,Once in a year,0,0-6 months ago,3,No,3,17,56.666666666666664,23.333333333333336,18.333333333333336
2026-03-10 07:23:33.411000+00:00,6,30-40 years,Male,10-15 years,Whitefield,Full time,Staff Software Engineer,No,,,0,10,1,0,2,0,3,0,2,2,0,3,Agree,Agree,Disagree,Agree,Disagree,Agree,Agree,Agree,Agree,Agree,0,0,0,2,1,1,2,0,2,1,Bangalore,Bangalore,Whitefield,exact Bangalore mapping: Whitefield,whitefield,A soft film of bacteria and food debris on the teeth,1,Hard mineral deposit on the teeth,1,Bleeding gums while brushing,1,Dental plaque accumulation,1,Gum disease,1,Processed sugary foods and drinks,1,Vitamin C,1,It lowers blood sugar levels,0,Increased salivary flow,0,Endodontics,0,7,70.0,3,3,2,3,3,3,3,2,3,3,28,70.0,Twice a day,3,Circular,3,Soft,3,Both morning and night,3,1-3 minutes,3,Occasionally,2,Toothpick,0,Once in 3 months,3,7-12 months ago,2,No,3,25,83.33333333333334,-13.333333333333343,-13.333333333333343
2026-03-10 07:54:28.800000+00:00,5,20-30 years,Male,0-3 years,Nagercoil,Full time,Software Engineer,No,,,0,10,0,0,2,1,3,0,2,1,3,0,Strongly Disagree,Strongly Agree,Agree,Strongly Agree,Agree,Strongly Agree,Strongly Agree,Strongly Agree,Agree,Strongly Agree,2,3,0,0,1,0,1,0,1,1,Outside Bangalore,Nagercoil,Nagercoil,outside Bangalore or no Bangalore marker,nagercoil,Hard mineral deposit on the teeth,0,Hard mineral deposit on the teeth,1,Bleeding gums while brushing,1,Poor brushing technique,0,Gum disease,1,Processed sugary foods and drinks,1,Vitamin C,1,It can contribute to heart disease and diabetes,1,Development of gum disease due to inflammation,1,Orthodontics,0,7,70.0,1,4,3,4,2,4,4,1,3,4,30,75.0,Once a day,1,Mixed,1,Soft,3,Only morning,1,1-3 minutes,3,"Yes, everytime",3,Dental floss,2,Once in 3 months,3,0-6 months ago,3,No,3,23,76.66666666666667,-6.666666666666671,-1.6666666666666714
2026-03-10 08:35:34.648000+00:00,6,20-30 years,Male,0-3 years,Bengaluru,Full time,Software engineer,Yes,"Deep cleaning (Root planing), Cleaning (Scaling)",,0,10,0,0,0,0,0,1,2,1,0,1,Disagree,Disagree,Disagree,Strongly Disagree,Strongly Disagree,Strongly Disagree,Strongly Disagree,Strongly Disagree,Strongly Disagree,Strongly Disagree,0,0,0,0,0,0,0,0,0,0,Bangalore,Bangalore,Bangalore (Unspecified),exact Bangalore mapping: Bangalore (Unspecified),bengaluru,Hard mineral deposit on the teeth,0,Hard mineral deposit on the teeth,1,White spots on the teeth,0,Dental plaque accumulation,1,Frequent brushing,0,Leafy greens,0,Vitamin C,1,It can contribute to heart disease and diabetes,1,Increased salivary flow,0,Prosthodontics,0,4,40.0,2,2,2,1,4,1,1,4,1,1,19,47.5,Twice a day,3,Circular,3,Soft,3,Only morning,1,Less than 1 minute,0,"Yes, everytime",3,Tongue scraper,1,Once in 3 months,3,Never,0,Yes,0,17,56.666666666666664,-16.666666666666664,-9.166666666666664
2026-03-10 09:02:59.500000+00:00,6,30-40 years,Male,6-10 years,Bangalore,Hybrid,Design engineer,No,,,0,10,0,0,2,2,3,0,2,1,0,2,Disagree,Disagree,Disagree,Disagree,Disagree,Disagree,Disagree,Agree,Disagree,Disagree,2,0,0,0,1,1,0,0,3,1,Bangalore,Bangalore,Bangalore (Unspecified),exact Bangalore mapping: Bangalore (Unspecified),bangalore,Hard mineral deposit on the teeth,0,Hard mineral deposit on the teeth,1,Bleeding gums while brushing,1,Tooth decay,0,Gum disease,1,Processed sugary foods and drinks,1,Vitamin C,1,It can contribute to heart disease and diabetes,1,Increased salivary flow,0,Periodontics,1,7,70.0,2,2,2,2,3,2,2,2,2,2,21,52.5,Once a day,1,Circular,3,Soft,3,Only morning,1,1-3 minutes,3,Occasionally,2,Tongue scraper,1,Once in 3 months,3,More than a year,1,No,3,21,70.0,0.0,-17.5
2026-03-10 10:09:49.942000+00:00,4,40-50 years,Male,0-3 years,Madhavaram,Full time,Senior Software Developer,No,,,0,10,1,0,2,0,3,0,2,1,3,0,Agree,Agree,Disagree,Disagree,Disagree,Disagree,Agree,Disagree,Agree,Agree,2,3,0,0,1,1,0,0,3,1,Outside Bangalore,Madhavaram,Madhavaram,outside Bangalore or no Bangalore marker,madhavaram,A soft film of bacteria and food debris on the teeth,1,Hard mineral deposit on the teeth,1,Bleeding gums while brushing,1,Dental plaque accumulation,1,Gum disease,1,Processed sugary foods and drinks,1,Vitamin C,1,It can contribute to heart disease and diabetes,1,Development of gum disease due to inflammation,1,Orthodontics,0,9,90.0,3,3,2,2,3,2,3,3,3,3,27,67.5,Once a day,1,Mixed,1,Soft,3,Only morning,1,1-3 minutes,3,Occasionally,2,Tongue scraper,1,Once in 3 months,3,More than a year,1,No,3,19,63.33333333333333,26.66666666666667,4.166666666666671
2026-03-10 11:12:20.153000+00:00,7,20-30 years,Male,3-6 years,Chennai,Full time,Ai - mostion graphics designer,No,,,0,10,3,3,1,3,0,2,3,2,3,0,Strongly Agree,Strongly Disagree,Strongly Agree,Strongly Disagree,Strongly Agree,Strongly Agree,Strongly Agree,Strongly Agree,Agree,Strongly Agree,2,3,2,0,2,0,3,0,2,1,Outside Bangalore,Chennai,Chennai,outside Bangalore or no Bangalore marker,chennai,Protective layer on the enamel,0,Protective layer on the enamel,0,Dry mouth,0,Lack of calcium,0,Frequent brushing,0,Dairy products,0,Vitamin D,0,It lowers blood sugar levels,0,Development of gum disease due to inflammation,1,Orthodontics,0,1,10.0,4,1,4,1,1,4,4,1,3,4,27,67.5,Once a day,1,Mixed,1,Medium,1,Only morning,1,3-5 minutes,2,"Yes, everytime",3,Both scraper and floss,3,Once in 3 months,3,7-12 months ago,2,No,3,20,66.66666666666666,-56.66666666666666,0.8333333333333428
2026-03-10 12:04:02.629000+00:00,7,30-40 years,Female,3-6 years,Nagercoil,Full time,Hr practitioner,No,,,0,10,1,1,2,1,3,0,2,1,3,3,Disagree,Disagree,Disagree,Disagree,Disagree,Disagree,Disagree,Disagree,Disagree,Disagree,2,2,0,0,1,1,2,1,2,1,Outside Bangalore,Nagercoil,Nagercoil,outside Bangalore or no Bangalore marker,nagercoil,A soft film of bacteria and food debris on the teeth,1,Stains caused by coffee or tea,0,Bleeding gums while brushing,1,Poor brushing technique,0,Gum disease,1,Processed sugary foods and drinks,1,Vitamin C,1,It can contribute to heart disease and diabetes,1,Development of gum disease due to inflammation,1,Endodontics,0,7,70.0,2,2,2,2,3,2,2,3,2,2,22,55.00000000000001,Once a day,1,Horizontal,0,Soft,3,Only morning,1,1-3 minutes,3,Occasionally,2,Toothpick,0,Once in 6 months,1,7-12 months ago,2,No,3,16,53.333333333333336,16.666666666666664,1.6666666666666714
2026-03-10 12:51:51.138000+00:00,6,30-40 years,Male,10-15 years,Ulsoor,Full time,Business Analyst,No,,,0,10,1,0,2,0,3,0,2,1,0,3,Disagree,Disagree,Disagree,Disagree,Disagree,Disagree,Disagree,Disagree,Disagree,Disagree,2,2,2,0,1,0,2,1,3,1,Bangalore,Bangalore,Ulsoor,exact Bangalore mapping: Ulsoor,ulsoor,A soft film of bacteria and food debris on the teeth,1,Hard mineral deposit on the teeth,1,Bleeding gums while brushing,1,Dental plaque accumulation,1,Gum disease,1,Processed sugary foods and drinks,1,Vitamin C,1,It can contribute to heart disease and diabetes,1,Increased salivary flow,0,Endodontics,0,8,80.0,2,2,2,2,3,2,2,3,2,2,22,55.00000000000001,Once a day,1,Horizontal,0,Medium,1,Only morning,1,1-3 minutes,3,"Yes, everytime",3,Toothpick,0,Once in 6 months,1,More than a year,1,No,3,14,46.666666666666664,33.333333333333336,8.333333333333343
2026-03-10 13:47:00.805000+00:00,8,30-40 years,Male,10-15 years,Madurai,Full time,UI DEVELOPER,No,,,0,10,3,2,2,1,3,0,0,3,3,0,Disagree,Disagree,Agree,Agree,Agree,Agree,Agree,Agree,Disagree,Disagree,2,3,2,0,1,0,2,0,0,1,Outside Bangalore,Madurai,Madurai,outside Bangalore or no Bangalore marker,madurai,Protective layer on the enamel,0,A soft film of bacteria and food debris,0,Bleeding gums while brushing,1,Poor brushing technique,0,Gum disease,1,Processed sugary foods and drinks,1,Vitamin A,0,It only affects the mouth and teeth,0,Development of gum disease due to inflammation,1,Orthodontics,0,4,40.0,2,2,3,3,2,3,3,2,2,2,24,60.0,Once a day,1,Mixed,1,Medium,1,Only morning,1,1-3 minutes,3,"Yes, everytime",3,Toothpick,0,Once in 3 months,3,Never,0,No,3,16,53.333333333333336,-13.333333333333336,6.666666666666664
2026-03-10 14:30:36.652000+00:00,5,20-30 years,Female,6-10 years,Chennai,Full time,Senior Specialist,No,,,0,10,1,0,2,1,3,0,2,1,3,2,Disagree,Disagree,Agree,Agree,Disagree,Agree,Agree,Disagree,Disagree,Agree,0,0,0,0,1,0,0,0,3,1,Outside Bangalore,Chennai,Chennai,outside Bangalore or no Bangalore marker,chennai,A soft film of bacteria and food debris on the teeth,1,Hard mineral deposit on the teeth,1,Bleeding gums while brushing,1,Poor brushing technique,0,Gum disease,1,Processed sugary foods and drinks,1,Vitamin C,1,It can contribute to heart disease and diabetes,1,Development of gum disease due to inflammation,1,Periodontics,1,9,90.0,2,2,3,3,3,3,3,3,2,3,27,67.5,Twice a day,3,Circular,3,Soft,3,Only morning,1,1-3 minutes,3,"Yes, everytime",3,Tongue scraper,1,Once in 3 months,3,More than a year,1,No,3,24,80.0,10.0,-12.5
2026-03-10 14:52:13.741000+00:00,5,30-40 years,Male,10-15 years,Bangalore,Hybrid,Software Engineer,No,,,0,10,1,1,3,0,3,0,2,1,3,2,Strongly Agree,Agree,Strongly Agree,Strongly Agree,Agree,Strongly Agree,Strongly Agree,Strongly Agree,Strongly Agree,Strongly Agree,0,1,1,2,1,0,2,0,3,1,Bangalore,Bangalore,Bangalore (Unspecified),exact Bangalore mapping: Bangalore (Unspecified),bangalore,A soft film of bacteria and food debris on the teeth,1,Stains caused by coffee or tea,0,Jaw pain,0,Dental plaque accumulation,1,Gum disease,1,Processed sugary foods and drinks,1,Vitamin C,1,It can contribute to heart disease and diabetes,1,Development of gum disease due to inflammation,1,Periodontics,1,8,80.0,4,3,4,4,2,4,4,1,4,4,34,85.0,Twice a day,3,Vertical,2,Ultrasoft,2,Both morning and night,3,1-3 minutes,3,"Yes, everytime",3,Toothpick,0,Once in 3 months,3,More than a year,1,No,3,23,76.66666666666667,3.3333333333333286,8.333333333333329
2026-03-10 15:55:45.785000+00:00,8,30-40 years,Male,10-15 years,Ulsoor,Full time,Business Analyst,No,,,0,10,1,0,2,0,3,0,2,1,3,2,Disagree,Disagree,Agree,Disagree,Disagree,Disagree,Disagree,Disagree,Disagree,Disagree,2,0,2,0,1,0,2,1,3,1,Bangalore,Bangalore,Ulsoor,exact Bangalore mapping: Ulsoor,ulsoor,A soft film of bacteria and food debris on the teeth,1,Hard mineral deposit on the teeth,1,Bleeding gums while brushing,1,Dental plaque accumulation,1,Gum disease,1,Processed sugary foods and drinks,1,Vitamin C,1,It can contribute to heart disease and diabetes,1,Development of gum disease due to inflammation,1,Periodontics,1,10,100.0,2,2,3,2,3,2,2,3,2,2,23,57.49999999999999,Once a day,1,Circular,3,Medium,1,Only morning,1,1-3 minutes,3,"Yes, everytime",3,Toothpick,0,Once in 6 months,1,More than a year,1,No,3,17,56.666666666666664,43.333333333333336,0.8333333333333286
2026-03-10 16:20:53.995000+00:00,2,20-30 years,Female,0-3 years,"RR nagar, Bangalore",Full time,Endosontist,No,,,0,10,1,0,2,0,3,0,2,1,3,2,Strongly Disagree,Agree,Agree,Agree,Disagree,Agree,Disagree,Disagree,Agree,Agree,0,3,0,0,1,0,3,0,3,1,Bangalore,Bangalore,RR Nagar,exact Bangalore mapping: RR Nagar,rr nagar bangalore,A soft film of bacteria and food debris on the teeth,1,Hard mineral deposit on the teeth,1,Bleeding gums while brushing,1,Dental plaque accumulation,1,Gum disease,1,Processed sugary foods and drinks,1,Vitamin C,1,It can contribute to heart disease and diabetes,1,Development of gum disease due to inflammation,1,Periodontics,1,10,100.0,1,3,3,3,3,3,2,3,3,3,27,67.5,Twice a day,3,Mixed,1,Soft,3,Only morning,1,1-3 minutes,3,"Yes, everytime",3,Both scraper and floss,3,Once in 3 months,3,More than a year,1,No,3,24,80.0,20.0,-12.5
2026-03-10 17:21:12.347000+00:00,7,30-40 years,Male,10-15 years,Kengeri,Full time,Software Engineer,Yes,Cleaning (Scaling),,0,10,1,1,2,1,3,0,2,1,3,0,Agree,Agree,Agree,Agree,Disagree,Agree,Agree,Disagree,Agree,Agree,0,3,2,2,1,1,2,0,3,2,Bangalore,Bangalore,Kengeri,exact Bangalore mapping: Kengeri,kengeri,A soft film of bacteria and food debris on the teeth,1,Stains caused by coffee or tea,0,Bleeding gums while brushing,1,Poor brushing technique,0,Gum disease,1,Processed sugary foods and drinks,1,Vitamin C,1,It can contribute to heart disease and diabetes,1,Development of gum disease due to inflammation,1,Orthodontics,0,7,70.0,3,3,3,3,3,3,3,3,3,3,30,75.0,Twice a day,3,Mixed,1,Medium,1,Both morning and night,3,1-3 minutes,3,Occasionally,2,Toothpick,0,Once in 3 months,3,More than a year,1,Sometimes,1,18,60.0,10.0,15.0
2026-03-10 18:09:34.632000+00:00,5,20-30 years,Male,0-3 years,Nagercoil,Full time,Software Engineer,No,,,0,10,1,0,2,1,3,0,2,1,3,0,Strongly Disagree,Agree,Agree,Strongly Agree,Agree,Strongly Agree,Strongly Agree,Agree,Agree,Strongly Agree,2,3,0,0,1,0,1,0,1,1,Outside Bangalore,Nagercoil,Nagercoil,outside Bangalore or no Bangalore marker,nagercoil,A soft film of bacteria and food debris on the teeth,1,Hard mineral deposit on the teeth,1,Bleeding gums while brushing,1,Poor brushing technique,0,Gum disease,1,Processed sugary foods and drinks,1,Vitamin C,1,It can contribute to heart disease and diabetes,1,Development of gum disease due to inflammation,1,Orthodontics,0,8,80.0,1,3,3,4,2,4,4,2,3,4,30,75.0,Once a day,1,Mixed,1,Soft,3,Only morning,1,1-3 minutes,3,"Yes, everytime",3,Dental floss,2,Once in 3 months,3,0-6 months ago,3,No,3,23,76.66666666666667,3.3333333333333286,-1.6666666666666714
2026-03-10 18:55:22.330000+00:00,3,20-30 years,Male,6-10 years,Madurai,Full time,Developer,No,,,0,10,3,3,3,3,3,3,3,1,3,3,Strongly Disagree,Strongly Disagree,Strongly Disagree,Strongly Disagree,Strongly Disagree,Strongly Agree,Strongly Agree,Strongly Agree,Strongly Agree,Strongly Agree,3,3,3,3,3,3,3,3,3,3,Outside Bangalore,Madurai,Madurai,outside Bangalore or no Bangalore marker,madurai,Protective layer on the enamel,0,Protective layer on the enamel,0,Jaw pain,0,Lack of calcium,0,Gum disease,1,Whole grains,0,Vitamin D,0,It can contribute to heart disease and diabetes,1,Development of gum disease due to inflammation,1,Endodontics,0,3,30.0,1,1,1,1,4,4,4,1,4,4,25,62.5,Occasionally,0,Mixed,1,Hard,0,After lunch and breakfast,2,More than 5 minutes,1,Only after dinner,1,Both scraper and floss,3,When bristles wear out,2,More than a year,1,Have quit,2,13,43.333333333333336,-13.333333333333336,19.166666666666664
2026-03-10 19:26:53.405000+00:00,6,20-30 years,Male,0-3 years,CV Raman Nagar,Hybrid,Engineer,No,,,0,10,0,3,2,2,0,0,2,2,3,3,Disagree,Agree,Strongly Agree,Agree,Disagree,Agree,Agree,Agree,Disagree,Agree,2,3,2,0,1,0,2,1,3,1,Bangalore,Bangalore,CV Raman Nagar,exact Bangalore mapping: CV Raman Nagar,cv raman nagar,Hard mineral deposit on the teeth,0,Protective layer on the enamel,0,Bleeding gums while brushing,1,Tooth decay,0,Frequent brushing,0,Processed sugary foods and drinks,1,Vitamin C,1,It lowers blood sugar levels,0,Development of gum disease due to inflammation,1,Endodontics,0,4,40.0,2,3,4,3,3,3,3,2,2,3,28,70.0,Once a day,1,Mixed,1,Medium,1,Only morning,1,1-3 minutes,3,"Yes, everytime",3,Toothpick,0,Once in 6 months,1,More than a year,1,No,3,15,50.0,-10.0,20.0
2026-03-10 20:09:23.459000+00:00,5,20-30 years,Male,0-3 years,CV Raman Nagar,Hybrid,Engineer,No,,,0,10,3,3,2,2,0,0,2,2,0,3,Disagree,Agree,Strongly Agree,Agree,Disagree,Agree,Agree,Agree,Disagree,Agree,2,3,0,0,1,0,2,1,3,1,Bangalore,Bangalore,CV Raman Nagar,exact Bangalore mapping: CV Raman Nagar,cv raman nagar,Protective layer on the enamel,0,Protective layer on the enamel,0,Bleeding gums while brushing,1,Tooth decay,0,Frequent brushing,0,Processed sugary foods and drinks,1,Vitamin C,1,It lowers blood sugar levels,0,Increased salivary flow,0,Endodontics,0,3,30.0,2,3,4,3,3,3,3,2,2,3,28,70.0,Once a day,1,Mixed,1,Soft,3,Only morning,1,1-3 minutes,3,"Yes, everytime",3,Toothpick,0,Once in 6 months,1,More than a year,1,No,3,17,56.666666666666664,-26.666666666666664,13.333333333333336
2026-03-10 21:23:12.897000+00:00,8,20-30 years,Female,0-3 years,Bangalore,Hybrid,HR,No,,,0,10,1,0,2,0,3,0,3,1,3,2,Strongly Agree,Strongly Agree,Strongly Agree,Strongly Agree,Strongly Disagree,Strongly Agree,Agree,Disagree,Agree,Strongly Agree,2,0,2,0,0,0,1,0,1,1,Bangalore,Bangalore,Bangalore (Unspecified),exact Bangalore mapping: Bangalore (Unspecified),bangalore,A soft film of bacteria and food debris on the teeth,1,Hard mineral deposit on the teeth,1,Bleeding gums while brushing,1,Dental plaque accumulation,1,Gum disease,1,Processed sugary foods and drinks,1,Vitamin D,0,It can contribute to heart disease and diabetes,1,Development of gum disease due to inflammation,1,Periodontics,1,9,90.0,4,4,4,4,4,4,3,3,3,4,37,92.5,Once a day,1,Circular,3,Medium,1,Only morning,1,Less than 1 minute,0,"Yes, everytime",3,Dental floss,2,Once in 3 months,3,0-6 months ago,3,No,3,20,66.66666666666666,23.333333333333343,25.833333333333343
2026-03-10 22:22:20.436000+00:00,6,20-30 years,Female,0-3 years,Marthandam,Full time,Advocate,No,,,0,10,0,0,2,0,3,0,0,1,3,2,Disagree,Disagree,Disagree,Disagree,Disagree,Disagree,Disagree,Disagree,Disagree,Disagree,0,3,1,2,3,0,0,0,1,1,Outside Bangalore,Marthandam,Marthandam,outside Bangalore or no Bangalore marker,marthandam,Hard mineral deposit on the teeth,0,Hard mineral deposit on the teeth,1,Bleeding gums while brushing,1,Dental plaque accumulation,1,Gum disease,1,Processed sugary foods and drinks,1,Vitamin A,0,It can contribute to heart disease and diabetes,1,Development of gum disease due to inflammation,1,Periodontics,1,8,80.0,2,2,2,2,3,2,2,3,2,2,22,55.00000000000001,Twice a day,3,Mixed,1,Ultrasoft,2,Both morning and night,3,More than 5 minutes,1,"Yes, everytime",3,Tongue scraper,1,Once in 3 months,3,0-6 months ago,3,No,3,23,76.66666666666667,3.3333333333333286,-21.666666666666664
2026-03-10 22:39:34.135000+00:00,5,30-40 years,Female,6-10 years,Bangalore,Full time,MTS,No,,,0,10,0,0,3,1,3,2,0,0,0,2,Strongly Disagree,Agree,Agree,Agree,Strongly Agree,Agree,Agree,Agree,Agree,Agree,0,2,0,3,2,3,0,3,3,1,Bangalore,Bangalore,Bangalore (Unspecified),exact Bangalore mapping: Bangalore (Unspecified),bangalore,Hard mineral deposit on the teeth,0,Hard mineral deposit on the teeth,1,Jaw pain,0,Poor brushing technique,0,Gum disease,1,Dairy products,0,Vitamin A,0,It boosts immunity,0,Increased salivary flow,0,Periodontics,1,3,30.0,1,3,3,3,1,3,3,2,3,3,25,62.5,Twice a day,3,Horizontal,0,Soft,3,After lunch and breakfast,2,3-5 minutes,2,Only after dinner,1,Tongue scraper,1,When bristles wear out,2,More than a year,1,No,3,18,60.0,-30.0,2.5
2026-03-10 23:09:10.815000+00:00,6,20-30 years,Male,0-3 years,Bengaluru,Full time,Consultant,No,,,0,10,0,1,1,0,3,1,2,3,1,2,Agree,Agree,Disagree,Agree,Agree,Disagree,Agree,Agree,Agree,Agree,0,0,2,2,1,0,0,1,0,1,Bangalore,Bangalore,Bangalore (Unspecified),exact Bangalore mapping: Bangalore (Unspecified),bengaluru,Hard mineral deposit on the teeth,0,Stains caused by coffee or tea,0,Dry mouth,0,Dental plaque accumulation,1,Gum disease,1,Leafy greens,0,Vitamin C,1,It only affects the mouth and teeth,0,Improved oral hygiene habits,0,Periodontics,1,4,40.0,3,3,2,3,2,2,3,2,3,3,26,65.0,Twice a day,3,Circular,3,Medium,1,Both morning and night,3,1-3 minutes,3,"Yes, everytime",3,Tongue scraper,1,Once in 6 months,1,Never,0,No,3,21,70.0,-30.0,-5.0
2026-03-10 23:32:53.711000+00:00,7,20-30 years,Female,3-6 years,"Harlur,Bangalore",Work from home (Remote),Developer,No,,,0,10,0,0,2,3,3,0,1,3,0,0,Agree,Agree,Agree,Agree,Agree,Agree,Disagree,Agree,Agree,Agree,2,1,0,2,2,0,0,0,0,1,Bangalore,Bangalore,Harlur,exact Bangalore mapping: Harlur,harlur bangalore,Hard mineral deposit on the teeth,0,Hard mineral deposit on the teeth,1,Bleeding gums while brushing,1,Lack of calcium,0,Gum disease,1,Processed sugary foods and drinks,1,Vitamin B,0,It only affects the mouth and teeth,0,Increased salivary flow,0,Orthodontics,0,4,40.0,3,3,3,3,2,3,2,2,3,3,27,67.5,Once a day,1,Vertical,2,Soft,3,Both morning and night,3,3-5 minutes,2,"Yes, everytime",3,Tongue scraper,1,Once in 3 months,3,Never,0,No,3,21,70.0,-30.0,-2.5
2026-03-10 23:47:16.036000+00:00,7,30-40 years,Female,3-6 years,Bangalore,Full time,Hr practitioner,No,,,0,10,1,1,2,1,3,0,1,1,3,3,Disagree,Disagree,Disagree,Disagree,Disagree,Disagree,Disagree,Disagree,Strongly Disagree,Disagree,2,2,0,0,1,1,2,0,2,1,Bangalore,Bangalore,Bangalore (Unspecified),exact Bangalore mapping: Bangalore (Unspecified),bangalore,A soft film of bacteria and food debris on the teeth,1,Stains caused by coffee or tea,0,Bleeding gums while brushing,1,Poor brushing technique,0,Gum disease,1,Processed sugary foods and drinks,1,Vitamin B,0,It can contribute to heart disease and diabetes,1,Development of gum disease due to inflammation,1,Endodontics,0,6,60.0,2,2,2,2,3,2,2,3,1,2,21,52.5,Once a day,1,Horizontal,0,Soft,3,Only morning,1,1-3 minutes,3,Occasionally,2,Toothpick,0,Once in 3 months,3,7-12 months ago,2,No,3,18,60.0,0.0,-7.5
2026-03-11 00:25:57.012000+00:00,18,30-40 years,Male,10-15 years,Chennai,Work from home (Remote),Tax Analyst,No,,,0,10,1,0,2,0,3,0,2,0,3,2,Agree,Agree,Agree,Strongly Agree,Disagree,Agree,Agree,Disagree,Strongly Disagree,Strongly Agree,0,0,0,2,1,0,1,0,3,2,Outside Bangalore,Chennai,Chennai,outside Bangalore or no Bangalore marker,chennai,A soft film of bacteria and food debris on the teeth,1,Hard mineral deposit on the teeth,1,Bleeding gums while brushing,1,Dental plaque accumulation,1,Gum disease,1,Processed sugary foods and drinks,1,Vitamin C,1,It boosts immunity,0,Development of gum disease due to inflammation,1,Periodontics,1,9,90.0,3,3,3,4,3,3,3,3,1,4,30,75.0,Twice a day,3,Circular,3,Soft,3,Both morning and night,3,1-3 minutes,3,"Yes, everytime",3,Dental floss,2,Once in 3 months,3,More than a year,1,Sometimes,1,25,83.33333333333334,6.666666666666657,-8.333333333333343
2026-03-11 01:00:21.482000+00:00,5,20-30 years,Male,6-10 years,Madiwala,Full time,SaaS Engineer,No,,,0,10,1,0,2,3,3,2,2,3,3,1,Agree,Agree,Agree,Agree,Agree,Agree,Agree,Disagree,Agree,Agree,0,0,0,2,3,0,2,0,3,1,Bangalore,Bangalore,Madiwala,exact Bangalore mapping: Madiwala,madiwala,A soft film of bacteria and food debris on the teeth,1,Hard mineral deposit on the teeth,1,Bleeding gums while brushing,1,Lack of calcium,0,Gum disease,1,Dairy products,0,Vitamin C,1,It only affects the mouth and teeth,0,Development of gum disease due to inflammation,1,Prosthodontics,0,6,60.0,3,3,3,3,2,3,3,3,3,3,29,72.5,Twice a day,3,Circular,3,Soft,3,Both morning and night,3,More than 5 minutes,1,"Yes, everytime",3,Toothpick,0,Once in 3 months,3,More than a year,1,No,3,23,76.66666666666667,-16.66666666666667,-4.166666666666671
2026-03-11 01:31:50.952000+00:00,2,20-30 years,Male,0-3 years,Chennai,Full time,Trainee,No,,,0,10,3,3,2,2,3,0,2,0,1,3,Strongly Disagree,Strongly Agree,Strongly Agree,Strongly Disagree,Strongly Agree,Strongly Agree,Strongly Agree,Agree,Strongly Agree,Strongly Disagree,2,2,2,0,1,3,3,1,3,1,Outside Bangalore,Chennai,Chennai,outside Bangalore or no Bangalore marker,chennai,Protective layer on the enamel,0,Protective layer on the enamel,0,Bleeding gums while brushing,1,Tooth decay,0,Gum disease,1,Processed sugary foods and drinks,1,Vitamin C,1,It boosts immunity,0,Improved oral hygiene habits,0,Endodontics,0,4,40.0,1,4,4,1,1,4,4,2,4,1,26,65.0,Once a day,1,Horizontal,0,Medium,1,Only morning,1,1-3 minutes,3,Only after dinner,1,Both scraper and floss,3,Once in 6 months,1,More than a year,1,No,3,15,50.0,-10.0,15.0
2026-03-11 02:05:30.019000+00:00,3,20-30 years,Male,3-6 years,Salem,Full time,Pursuing MDS,No,,,0,10,1,0,2,0,3,0,2,1,3,2,Disagree,Strongly Agree,Disagree,Agree,Disagree,Agree,Agree,Disagree,Agree,Agree,0,0,0,2,1,0,0,0,0,1,Outside Bangalore,Salem,Salem,outside Bangalore or no Bangalore marker,salem,A soft film of bacteria and food debris on the teeth,1,Hard mineral deposit on the teeth,1,Bleeding gums while brushing,1,Dental plaque accumulation,1,Gum disease,1,Processed sugary foods and drinks,1,Vitamin C,1,It can contribute to heart disease and diabetes,1,Development of gum disease due to inflammation,1,Periodontics,1,10,100.0,2,4,2,3,3,3,3,3,3,3,29,72.5,Twice a day,3,Circular,3,Soft,3,Both morning and night,3,1-3 minutes,3,"Yes, everytime",3,Tongue scraper,1,Once in 3 months,3,Never,0,No,3,25,83.33333333333334,16.666666666666657,-10.833333333333343
2026-03-11 02:43:11.351000+00:00,11,30-40 years,Male,6-10 years,Pune,Full time,Hr practitioner,No,,,0,10,0,0,2,1,3,0,2,0,3,2,Disagree,Disagree,Disagree,Disagree,Disagree,Disagree,Disagree,Disagree,Disagree,Disagree,2,2,2,0,1,1,0,1,3,0,Outside Bangalore,Pune,Pune,outside Bangalore or no Bangalore marker,pune,Hard mineral deposit on the teeth,0,Hard mineral deposit on the teeth,1,Bleeding gums while brushing,1,Poor brushing technique,0,Gum disease,1,Processed sugary foods and drinks,1,Vitamin C,1,It boosts immunity,0,Development of gum disease due to inflammation,1,Periodontics,1,7,70.0,2,2,2,2,3,2,2,3,2,2,22,55.00000000000001,Once a day,1,Horizontal,0,Medium,1,Only morning,1,1-3 minutes,3,Occasionally,2,Tongue scraper,1,Once in 6 months,1,More than a year,1,Yes,0,11,36.666666666666664,33.333333333333336,18.333333333333343
2026-03-11 03:27:34.335000+00:00,5,20-30 years,Female,0-3 years,Bijapur,Work from home (Remote),Pharmacist,No,,,0,10,0,0,2,1,3,0,2,0,3,2,Strongly Disagree,Agree,Agree,Agree,Disagree,Agree,Agree,Agree,Agree,Agree,2,0,1,0,0,0,0,2,1,1,Outside Bangalore,Bijapur,Bijapur,outside Bangalore or no Bangalore marker,bijapur,Hard mineral deposit on the teeth,0,Hard mineral deposit on the teeth,1,Bleeding gums while brushing,1,Poor brushing technique,0,Gum disease,1,Processed sugary foods and drinks,1,Vitamin C,1,It boosts immunity,0,Development of gum disease due to inflammation,1,Periodontics,1,7,70.0,1,3,3,3,3,3,3,2,3,3,27,67.5,Once a day,1,Circular,3,Ultrasoft,2,Only morning,1,Less than 1 minute,0,"Yes, everytime",3,Tongue scraper,1,Once in a year,0,0-6 months ago,3,No,3,17,56.666666666666664,13.333333333333336,10.833333333333336
2026-03-11 03:42:46.652000+00:00,7,20-30 years,Female,0-3 years,"RR nagar, Bangalore",Full time,Endodontist,No,,,0,10,1,0,2,0,3,0,2,1,3,2,Strongly Disagree,Agree,Agree,Agree,Disagree,Agree,Disagree,Disagree,Agree,Agree,0,3,0,2,1,0,3,0,3,1,Bangalore,Bangalore,RR Nagar,exact Bangalore mapping: RR Nagar,rr nagar bangalore,A soft film of bacteria and food debris on the teeth,1,Hard mineral deposit on the teeth,1,Bleeding gums while brushing,1,Dental plaque accumulation,1,Gum disease,1,Processed sugary foods and drinks,1,Vitamin C,1,It can contribute to heart disease and diabetes,1,Development of gum disease due to inflammation,1,Periodontics,1,10,100.0,1,3,3,3,3,3,2,3,3,3,27,67.5,Twice a day,3,Mixed,1,Soft,3,Both morning and night,3,1-3 minutes,3,"Yes, everytime",3,Both scraper and floss,3,Once in 3 months,3,More than a year,1,No,3,26,86.66666666666667,13.333333333333329,-19.16666666666667
2026-03-11 04:52:06.697000+00:00,4,30-40 years,Male,10-15 years,Bangalore,Hybrid,Software Engineer,No,,,0,10,1,0,3,0,3,0,2,1,3,2,Strongly Agree,Strongly Agree,Strongly Agree,Strongly Agree,Strongly Agree,Strongly Agree,Strongly Agree,Strongly Agree,Strongly Agree,Disagree,0,1,1,2,1,0,2,0,3,1,Bangalore,Bangalore,Bangalore (Unspecified),exact Bangalore mapping: Bangalore (Unspecified),bangalore,A soft film of bacteria and food debris on the teeth,1,Hard mineral deposit on the teeth,1,Jaw pain,0,Dental plaque accumulation,1,Gum disease,1,Processed sugary foods and drinks,1,Vitamin C,1,It can contribute to heart disease and diabetes,1,Development of gum disease due to inflammation,1,Periodontics,1,9,90.0,4,4,4,4,1,4,4,1,4,2,32,80.0,Twice a day,3,Vertical,2,Ultrasoft,2,Both morning and night,3,1-3 minutes,3,"Yes, everytime",3,Toothpick,0,Once in 3 months,3,More than a year,1,No,3,23,76.66666666666667,13.333333333333329,3.3333333333333286
2026-03-11 05:15:18.402000+00:00,3,30-40 years,Male,6-10 years,Bangalore,Hybrid,Design engineer,No,,,0,10,0,0,2,0,3,0,2,1,0,2,Disagree,Disagree,Disagree,Agree,Disagree,Disagree,Disagree,Agree,Disagree,Disagree,2,0,0,0,1,1,1,0,3,1,Bangalore,Bangalore,Bangalore (Unspecified),exact Bangalore mapping: Bangalore (Unspecified),bangalore,Hard mineral deposit on the teeth,0,Hard mineral deposit on the teeth,1,Bleeding gums while brushing,1,Dental plaque accumulation,1,Gum disease,1,Processed sugary foods and drinks,1,Vitamin C,1,It can contribute to heart disease and diabetes,1,Increased salivary flow,0,Periodontics,1,8,80.0,2,2,2,3,3,2,2,2,2,2,22,55.00000000000001,Once a day,1,Circular,3,Soft,3,Only morning,1,1-3 minutes,3,Occasionally,2,Dental floss,2,Once in 3 months,3,More than a year,1,No,3,22,73.33333333333333,6.666666666666671,-18.33333333333332
2026-03-11 06:22:29.351000+00:00,7,20-30 years,Female,0-3 years,Erode,Full time,Internship,No,,,0,10,0,0,0,1,2,0,2,1,3,3,Agree,Agree,Agree,Disagree,Agree,Agree,Agree,Disagree,Agree,Disagree,2,3,2,2,1,2,0,0,0,1,Outside Bangalore,Erode,Erode,outside Bangalore or no Bangalore marker,erode,Hard mineral deposit on the teeth,0,Hard mineral deposit on the teeth,1,White spots on the teeth,0,Poor brushing technique,0,Cold beverages,0,Processed sugary foods and drinks,1,Vitamin C,1,It can contribute to heart disease and diabetes,1,Development of gum disease due to inflammation,1,Endodontics,0,5,50.0,3,3,3,2,2,3,3,3,3,2,27,67.5,Once a day,1,Mixed,1,Medium,1,Both morning and night,3,1-3 minutes,3,Never,0,Tongue scraper,1,Once in 3 months,3,Never,0,No,3,16,53.333333333333336,-3.3333333333333357,14.166666666666664
2026-03-11 06:51:51.877000+00:00,7,30-40 years,Male,10-15 years,Bangalore,Hybrid,Software Engineer,No,,,0,10,1,0,3,0,3,0,2,1,3,2,Strongly Agree,Strongly Agree,Strongly Agree,Strongly Agree,Strongly Agree,Strongly Agree,Strongly Agree,Disagree,Strongly Agree,Strongly Agree,0,1,1,2,1,0,0,0,3,1,Bangalore,Bangalore,Bangalore (Unspecified),exact Bangalore mapping: Bangalore (Unspecified),bangalore,A soft film of bacteria and food debris on the teeth,1,Hard mineral deposit on the teeth,1,Jaw pain,0,Dental plaque accumulation,1,Gum disease,1,Processed sugary foods and drinks,1,Vitamin C,1,It can contribute to heart disease and diabetes,1,Development of gum disease due to inflammation,1,Periodontics,1,9,90.0,4,4,4,4,1,4,4,3,4,4,36,90.0,Twice a day,3,Vertical,2,Ultrasoft,2,Both morning and night,3,1-3 minutes,3,"Yes, everytime",3,Tongue scraper,1,Once in 3 months,3,More than a year,1,No,3,24,80.0,10.0,10.0
2026-03-11 07:43:17.435000+00:00,15,20-30 years,Male,3-6 years,Nagercoil,Hybrid,Hr practitioner,No,,,0,10,1,0,2,0,3,0,2,1,1,3,Disagree,Agree,Disagree,Disagree,Disagree,Disagree,Disagree,Disagree,Disagree,Disagree,1,1,1,1,1,1,1,1,1,1,Outside Bangalore,Nagercoil,Nagercoil,outside Bangalore or no Bangalore marker,nagercoil,A soft film of bacteria and food debris on the teeth,1,Hard mineral deposit on the teeth,1,Bleeding gums while brushing,1,Dental plaque accumulation,1,Gum disease,1,Processed sugary foods and drinks,1,Vitamin C,1,It can contribute to heart disease and diabetes,1,Improved oral hygiene habits,0,Endodontics,0,8,80.0,2,3,2,2,3,2,2,3,2,2,23,57.49999999999999,Thrice a day,2,Vertical,2,Ultrasoft,2,Only night,1,1-3 minutes,3,Occasionally,2,Dental floss,2,Once in 6 months,1,0-6 months ago,3,No,3,21,70.0,10.0,-12.500000000000007
2026-03-11 08:51:41.154000+00:00,6,20-30 years,Male,0-3 years,Hyderabad,Full time,Technical Consultant,No,,,0,10,1,0,0,2,3,0,1,1,3,3,Disagree,Disagree,Disagree,Disagree,Strongly Disagree,Disagree,Disagree,Disagree,Agree,Agree,0,1,0,2,2,0,0,3,3,1,Outside Bangalore,Hyderabad,Hyderabad,outside Bangalore or no Bangalore marker,hyderabad,A soft film of bacteria and food debris on the teeth,1,Hard mineral deposit on the teeth,1,White spots on the teeth,0,Tooth decay,0,Gum disease,1,Processed sugary foods and drinks,1,Vitamin B,0,It can contribute to heart disease and diabetes,1,Development of gum disease due to inflammation,1,Endodontics,0,6,60.0,2,2,2,2,4,2,2,3,3,3,25,62.5,Twice a day,3,Vertical,2,Soft,3,Both morning and night,3,3-5 minutes,2,"Yes, everytime",3,Tongue scraper,1,When bristles wear out,2,More than a year,1,No,3,23,76.66666666666667,-16.66666666666667,-14.166666666666671
2026-03-11 09:35:01.165000+00:00,22,40-50 years,Male,0-3 years,Madhavaram,Full time,Senior Software Developer,No,,,0,10,1,0,2,1,3,0,2,1,3,0,Agree,Agree,Disagree,Disagree,Agree,Disagree,Agree,Disagree,Agree,Agree,2,3,0,0,1,1,0,0,3,1,Outside Bangalore,Madhavaram,Madhavaram,outside Bangalore or no Bangalore marker,madhavaram,A soft film of bacteria and food debris on the teeth,1,Hard mineral deposit on the teeth,1,Bleeding gums while brushing,1,Poor brushing technique,0,Gum disease,1,Processed sugary foods and drinks,1,Vitamin C,1,It can contribute to heart disease and diabetes,1,Development of gum disease due to inflammation,1,Orthodontics,0,8,80.0,3,3,2,2,2,2,3,3,3,3,26,65.0,Once a day,1,Mixed,1,Soft,3,Only morning,1,1-3 minutes,3,Occasionally,2,Tongue scraper,1,Once in 3 months,3,More than a year,1,No,3,19,63.33333333333333,16.66666666666667,1.6666666666666714
2026-03-11 10:17:28.778000+00:00,6,20-30 years,Male,3-6 years,Kovilpatti,Full time,Software Engineer,No,,,0,10,3,3,2,3,3,0,1,3,1,3,Disagree,Disagree,Agree,Agree,Agree,Disagree,Agree,Disagree,Agree,Disagree,0,1,2,2,2,0,0,0,2,1,Outside Bangalore,Kovilpatti,Kovilpatti,outside Bangalore or no Bangalore marker,kovilpatti,Protective layer on the enamel,0,Protective layer on the enamel,0,Bleeding gums while brushing,1,Lack of calcium,0,Gum disease,1,Processed sugary foods and drinks,1,Vitamin B,0,It only affects the mouth and teeth,0,Improved oral hygiene habits,0,Endodontics,0,3,30.0,2,2,3,3,2,2,3,3,3,2,25,62.5,Twice a day,3,Vertical,2,Medium,1,Both morning and night,3,3-5 minutes,2,"Yes, everytime",3,Tongue scraper,1,Once in 3 months,3,7-12 months ago,2,No,3,23,76.66666666666667,-46.66666666666667,-14.166666666666671
2026-03-11 11:12:54.833000+00:00,2,20-30 years,Male,3-6 years,Hsr layout,Full time,Lead Engineer,No,,,0,10,1,1,2,1,2,0,3,1,3,2,Disagree,Strongly Disagree,Disagree,Agree,Disagree,Agree,Agree,Disagree,Agree,Agree,0,0,0,2,0,0,2,0,1,0,Bangalore,Bangalore,HSR Layout,exact Bangalore mapping: HSR Layout,hsr layout,A soft film of bacteria and food debris on the teeth,1,Stains caused by coffee or tea,0,Bleeding gums while brushing,1,Poor brushing technique,0,Cold beverages,0,Processed sugary foods and drinks,1,Vitamin D,0,It can contribute to heart disease and diabetes,1,Development of gum disease due to inflammation,1,Periodontics,1,6,60.0,2,1,2,3,3,3,3,3,3,3,26,65.0,Twice a day,3,Circular,3,Soft,3,Both morning and night,3,Less than 1 minute,0,"Yes, everytime",3,Toothpick,0,Once in 3 months,3,0-6 months ago,3,Yes,0,21,70.0,-10.0,-5.0
2026-03-11 11:39:32.353000+00:00,2,30-40 years,Male,10-15 years,Jp nagar,Full time,Software engineer,Yes,"Cleaning (Scaling), Deep cleaning (Root planing)",,0,10,0,1,2,0,3,0,2,1,0,3,Strongly Disagree,Strongly Disagree,Strongly Disagree,Strongly Disagree,Strongly Disagree,Disagree,Strongly Disagree,Strongly Disagree,Strongly Disagree,Strongly Disagree,0,3,0,2,1,0,2,0,1,1,Bangalore,Bangalore,JP Nagar,exact Bangalore mapping: JP Nagar,jp nagar,Hard mineral deposit on the teeth,0,Stains caused by coffee or tea,0,Bleeding gums while brushing,1,Dental plaque accumulation,1,Gum disease,1,Processed sugary foods and drinks,1,Vitamin C,1,It can contribute to heart disease and diabetes,1,Increased salivary flow,0,Endodontics,0,6,60.0,1,1,1,1,4,2,1,4,1,1,17,42.5,Twice a day,3,Mixed,1,Soft,3,Both morning and night,3,1-3 minutes,3,"Yes, everytime",3,Toothpick,0,Once in 3 months,3,0-6 months ago,3,No,3,25,83.33333333333334,-23.333333333333343,-40.83333333333334
2026-03-11 12:03:57.058000+00:00,4,30-40 years,Female,6-10 years,Shanti Nagar,Full time,Sr ML Engineer,No,,,0,10,2,0,2,1,3,0,0,1,3,2,Strongly Agree,Strongly Agree,Agree,Agree,Strongly Disagree,Strongly Agree,Strongly Agree,Strongly Disagree,Agree,Strongly Agree,0,1,0,2,2,1,3,1,1,2,Bangalore,Bangalore,Shanti Nagar,exact Bangalore mapping: Shanti Nagar,shanti nagar,Stains caused by coffee or tea,0,Hard mineral deposit on the teeth,1,Bleeding gums while brushing,1,Poor brushing technique,0,Gum disease,1,Processed sugary foods and drinks,1,Vitamin A,0,It can contribute to heart disease and diabetes,1,Development of gum disease due to inflammation,1,Periodontics,1,7,70.0,4,4,3,3,4,4,4,4,3,4,37,92.5,Twice a day,3,Vertical,2,Soft,3,Both morning and night,3,3-5 minutes,2,Occasionally,2,Both scraper and floss,3,Once in 6 months,1,0-6 months ago,3,Sometimes,1,23,76.66666666666667,-6.666666666666671,15.833333333333329
2026-03-11 12:56:52.249000+00:00,6,20-30 years,Female,3-6 years,Bellandur,Full time,Associate,No,,,0,10,1,0,2,0,3,0,2,0,3,2,Disagree,Strongly Agree,Disagree,Strongly Agree,Disagree,Agree,Agree,Disagree,Agree,Disagree,0,3,1,2,1,1,0,0,1,1,Bangalore,Bangalore,Bellandur,exact Bangalore mapping: Bellandur,bellandur,A soft film of bacteria and food debris on the teeth,1,Hard mineral deposit on the teeth,1,Bleeding gums while brushing,1,Dental plaque accumulation,1,Gum disease,1,Processed sugary foods and drinks,1,Vitamin C,1,It boosts immunity,0,Development of gum disease due to inflammation,1,Periodontics,1,9,90.0,2,4,2,4,3,3,3,3,3,2,29,72.5,Twice a day,3,Mixed,1,Ultrasoft,2,Both morning and night,3,1-3 minutes,3,Occasionally,2,Tongue scraper,1,Once in 3 months,3,0-6 months ago,3,No,3,24,80.0,10.0,-7.5
2026-03-11 13:47:25.778000+00:00,5,40-50 years,Male,15+ years,Thanjavur,Full time,Senior engineer,Yes,Deep cleaning (Root planing),,0,10,0,0,2,1,2,0,3,0,0,0,Strongly Disagree,Strongly Disagree,Strongly Disagree,Strongly Disagree,Strongly Disagree,Strongly Disagree,Strongly Disagree,Strongly Disagree,Strongly Disagree,Strongly Disagree,2,2,0,0,0,0,0,0,1,1,Outside Bangalore,Thanjavur,Thanjavur,outside Bangalore or no Bangalore marker,thanjavur,Hard mineral deposit on the teeth,0,Hard mineral deposit on the teeth,1,Bleeding gums while brushing,1,Poor brushing technique,0,Cold beverages,0,Processed sugary foods and drinks,1,Vitamin D,0,It boosts immunity,0,Increased salivary flow,0,Orthodontics,0,3,30.0,1,1,1,1,4,1,1,4,1,1,16,40.0,Once a day,1,Horizontal,0,Soft,3,Only morning,1,Less than 1 minute,0,"Yes, everytime",3,Tongue scraper,1,Once in 3 months,3,0-6 months ago,3,No,3,18,60.0,-30.0,-20.0
2026-03-11 14:53:02.923000+00:00,9,20-30 years,Male,0-3 years,Bengaluru,Full time,Consultant,No,,,0,10,1,2,1,0,3,1,2,3,1,2,Agree,Agree,Disagree,Agree,Agree,Disagree,Agree,Agree,Disagree,Agree,0,0,0,2,1,0,0,1,0,1,Bangalore,Bangalore,Bangalore (Unspecified),exact Bangalore mapping: Bangalore (Unspecified),bengaluru,A soft film of bacteria and food debris on the teeth,1,A soft film of bacteria and food debris,0,Dry mouth,0,Dental plaque accumulation,1,Gum disease,1,Leafy greens,0,Vitamin C,1,It only affects the mouth and teeth,0,Improved oral hygiene habits,0,Periodontics,1,5,50.0,3,3,2,3,2,2,3,2,2,3,25,62.5,Twice a day,3,Circular,3,Soft,3,Both morning and night,3,1-3 minutes,3,"Yes, everytime",3,Tongue scraper,1,Once in 6 months,1,Never,0,No,3,23,76.66666666666667,-26.66666666666667,-14.166666666666671
2026-03-11 15:23:49.751000+00:00,4,20-30 years,Female,6-10 years,Chennai,Full time,Senior Specialist,No,,,0,10,1,3,2,1,3,0,2,1,3,2,Disagree,Disagree,Agree,Agree,Disagree,Agree,Agree,Disagree,Disagree,Agree,0,0,0,0,1,0,0,0,3,1,Outside Bangalore,Chennai,Chennai,outside Bangalore or no Bangalore marker,chennai,A soft film of bacteria and food debris on the teeth,1,Protective layer on the enamel,0,Bleeding gums while brushing,1,Poor brushing technique,0,Gum disease,1,Processed sugary foods and drinks,1,Vitamin C,1,It can contribute to heart disease and diabetes,1,Development of gum disease due to inflammation,1,Periodontics,1,8,80.0,2,2,3,3,3,3,3,3,2,3,27,67.5,Twice a day,3,Circular,3,Soft,3,Only morning,1,1-3 minutes,3,"Yes, everytime",3,Tongue scraper,1,Once in 3 months,3,More than a year,1,No,3,24,80.0,0.0,-12.5
2026-03-11 16:22:19.655000+00:00,18,20-30 years,Male,0-3 years,Jp Nagar,Full time,Audit Inspector,Yes,Deep cleaning (Root planing),,0,10,2,3,3,2,3,0,1,1,3,2,Strongly Agree,Strongly Agree,Agree,Strongly Agree,Agree,Agree,Agree,Disagree,Disagree,Agree,2,3,1,0,1,1,2,3,1,1,Bangalore,Bangalore,JP Nagar,exact Bangalore mapping: JP Nagar,jp nagar,Stains caused by coffee or tea,0,Protective layer on the enamel,0,Jaw pain,0,Tooth decay,0,Gum disease,1,Processed sugary foods and drinks,1,Vitamin B,0,It can contribute to heart disease and diabetes,1,Development of gum disease due to inflammation,1,Periodontics,1,5,50.0,4,4,3,4,2,3,3,3,2,3,31,77.5,Once a day,1,Mixed,1,Ultrasoft,2,Only morning,1,1-3 minutes,3,Occasionally,2,Toothpick,0,When bristles wear out,2,0-6 months ago,3,No,3,18,60.0,-10.0,17.5
2026-03-11 16:46:04.202000+00:00,5,20-30 years,Male,0-3 years,Bangalore,Full time,Software Engineer,No,,,0,10,1,0,2,3,3,0,2,1,3,0,Strongly Disagree,Strongly Agree,Agree,Strongly Agree,Agree,Strongly Agree,Agree,Agree,Agree,Strongly Agree,2,3,0,0,1,0,1,0,1,1,Bangalore,Bangalore,Bangalore (Unspecified),exact Bangalore mapping: Bangalore (Unspecified),bangalore,A soft film of bacteria and food debris on the teeth,1,Hard mineral deposit on the teeth,1,Bleeding gums while brushing,1,Lack of calcium,0,Gum disease,1,Processed sugary foods and drinks,1,Vitamin C,1,It can contribute to heart disease and diabetes,1,Development of gum disease due to inflammation,1,Orthodontics,0,8,80.0,1,4,3,4,2,4,3,2,3,4,30,75.0,Once a day,1,Mixed,1,Soft,3,Only morning,1,1-3 minutes,3,"Yes, everytime",3,Dental floss,2,Once in 3 months,3,0-6 months ago,3,No,3,23,76.66666666666667,3.3333333333333286,-1.6666666666666714
2026-03-11 17:36:53.730000+00:00,6,40-50 years,Male,0-3 years,Madhavaram,Full time,Senior Software Developer,No,,,0,10,1,0,2,1,3,0,2,1,3,0,Agree,Agree,Disagree,Disagree,Disagree,Disagree,Agree,Disagree,Agree,Agree,2,3,0,0,1,1,0,0,3,1,Outside Bangalore,Madhavaram,Madhavaram,outside Bangalore or no Bangalore marker,madhavaram,A soft film of bacteria and food debris on the teeth,1,Hard mineral deposit on the teeth,1,Bleeding gums while brushing,1,Poor brushing technique,0,Gum disease,1,Processed sugary foods and drinks,1,Vitamin C,1,It can contribute to heart disease and diabetes,1,Development of gum disease due to inflammation,1,Orthodontics,0,8,80.0,3,3,2,2,3,2,3,3,3,3,27,67.5,Once a day,1,Mixed,1,Soft,3,Only morning,1,1-3 minutes,3,Occasionally,2,Tongue scraper,1,Once in 3 months,3,More than a year,1,No,3,19,63.33333333333333,16.66666666666667,4.166666666666671
2026-03-11 18:30:31.422000+00:00,34,30-40 years,Male,6-10 years,Bangalore,Full time,"Manager, Sales Development Representative",No,,,0,10,2,0,2,2,3,0,0,1,3,2,Agree,Agree,Agree,Agree,Agree,Agree,Agree,Disagree,Disagree,Agree,0,3,2,2,1,0,3,0,2,1,Bangalore,Bangalore,Bangalore (Unspecified),exact Bangalore mapping: Bangalore (Unspecified),bangalore,Stains caused by coffee or tea,0,Hard mineral deposit on the teeth,1,Bleeding gums while brushing,1,Tooth decay,0,Gum disease,1,Processed sugary foods and drinks,1,Vitamin A,0,It can contribute to heart disease and diabetes,1,Development of gum disease due to inflammation,1,Periodontics,1,7,70.0,3,3,3,3,2,3,3,3,2,3,28,70.0,Twice a day,3,Mixed,1,Medium,1,Both morning and night,3,1-3 minutes,3,"Yes, everytime",3,Both scraper and floss,3,Once in 3 months,3,7-12 months ago,2,No,3,25,83.33333333333334,-13.333333333333343,-13.333333333333343
2026-03-11 18:49:26.015000+00:00,5,30-40 years,Male,6-10 years,Bengaluru,Full time,Senior engineer,No,,,0,10,0,0,2,1,3,0,2,0,3,2,Disagree,Agree,Disagree,Disagree,Disagree,Disagree,Disagree,Disagree,Disagree,Disagree,2,2,2,0,1,1,0,0,3,0,Bangalore,Bangalore,Bangalore (Unspecified),exact Bangalore mapping: Bangalore (Unspecified),bengaluru,Hard mineral deposit on the teeth,0,Hard mineral deposit on the teeth,1,Bleeding gums while brushing,1,Poor brushing technique,0,Gum disease,1,Processed sugary foods and drinks,1,Vitamin C,1,It boosts immunity,0,Development of gum disease due to inflammation,1,Periodontics,1,7,70.0,2,3,2,2,3,2,2,3,2,2,23,57.49999999999999,Once a day,1,Horizontal,0,Medium,1,Only morning,1,1-3 minutes,3,Occasionally,2,Tongue scraper,1,Once in 3 months,3,More than a year,1,Yes,0,13,43.333333333333336,26.666666666666664,14.166666666666657
2026-03-11 19:30:31.697000+00:00,15,20-30 years,Male,3-6 years,Salem,Full time,Pursuing MDS,No,,,0,10,1,0,2,0,3,0,2,1,3,2,Disagree,Agree,Disagree,Agree,Disagree,Agree,Agree,Disagree,Agree,Agree,0,0,0,2,1,0,2,0,1,1,Outside Bangalore,Salem,Salem,outside Bangalore or no Bangalore marker,salem,A soft film of bacteria and food debris on the teeth,1,Hard mineral deposit on the teeth,1,Bleeding gums while brushing,1,Dental plaque accumulation,1,Gum disease,1,Processed sugary foods and drinks,1,Vitamin C,1,It can contribute to heart disease and diabetes,1,Development of gum disease due to inflammation,1,Periodontics,1,10,100.0,2,3,2,3,3,3,3,3,3,3,28,70.0,Twice a day,3,Circular,3,Soft,3,Both morning and night,3,1-3 minutes,3,"Yes, everytime",3,Toothpick,0,Once in 3 months,3,0-6 months ago,3,No,3,27,90.0,10.0,-20.0
2026-03-11 20:07:55.301000+00:00,7,20-30 years,Female,3-6 years,"Harlur,Bangalore",Work from home (Remote),Developer,No,,,0,10,0,2,2,3,3,0,1,3,0,0,Agree,Agree,Agree,Agree,Agree,Agree,Agree,Agree,Disagree,Agree,2,1,0,2,2,0,0,0,0,1,Bangalore,Bangalore,Harlur,exact Bangalore mapping: Harlur,harlur bangalore,Hard mineral deposit on the teeth,0,A soft film of bacteria and food debris,0,Bleeding gums while brushing,1,Lack of calcium,0,Gum disease,1,Processed sugary foods and drinks,1,Vitamin B,0,It only affects the mouth and teeth,0,Increased salivary flow,0,Orthodontics,0,3,30.0,3,3,3,3,2,3,3,2,2,3,27,67.5,Once a day,1,Vertical,2,Soft,3,Both morning and night,3,3-5 minutes,2,"Yes, everytime",3,Tongue scraper,1,Once in 3 months,3,Never,0,No,3,21,70.0,-40.0,-2.5
2026-03-11 20:46:11.242000+00:00,7,20-30 years,Male,0-3 years,Jp Nagar,Full time,Consultant- 1,No,,,0,10,1,3,2,0,3,0,0,0,3,2,Strongly Agree,Strongly Agree,Agree,Strongly Agree,Strongly Disagree,Strongly Agree,Disagree,Strongly Disagree,Strongly Agree,Strongly Agree,2,0,0,0,1,1,0,0,1,1,Bangalore,Bangalore,JP Nagar,exact Bangalore mapping: JP Nagar,jp nagar,A soft film of bacteria and food debris on the teeth,1,Protective layer on the enamel,0,Bleeding gums while brushing,1,Dental plaque accumulation,1,Gum disease,1,Processed sugary foods and drinks,1,Vitamin A,0,It boosts immunity,0,Development of gum disease due to inflammation,1,Periodontics,1,7,70.0,4,4,3,4,4,4,2,4,4,4,37,92.5,Once a day,1,Circular,3,Soft,3,Only morning,1,1-3 minutes,3,Occasionally,2,Tongue scraper,1,Once in 3 months,3,0-6 months ago,3,No,3,23,76.66666666666667,-6.666666666666671,15.833333333333329
2026-03-11 21:34:00.078000+00:00,7,20-30 years,Male,3-6 years,Chennai,Full time,Automation engineer,No,,,0,10,2,1,2,1,3,0,3,3,0,1,Disagree,Disagree,Strongly Agree,Agree,Agree,Disagree,Agree,Agree,Disagree,Agree,0,0,0,2,1,0,0,0,3,3,Outside Bangalore,Chennai,Chennai,outside Bangalore or no Bangalore marker,chennai,Stains caused by coffee or tea,0,Stains caused by coffee or tea,0,Bleeding gums while brushing,1,Poor brushing technique,0,Gum disease,1,Processed sugary foods and drinks,1,Vitamin D,0,It only affects the mouth and teeth,0,Increased salivary flow,0,Prosthodontics,0,3,30.0,2,2,4,3,2,2,3,2,2,3,25,62.5,Twice a day,3,Circular,3,Soft,3,Both morning and night,3,1-3 minutes,3,"Yes, everytime",3,Tongue scraper,1,Once in 3 months,3,More than a year,1,Have quit,2,25,83.33333333333334,-53.33333333333334,-20.833333333333343
2026-03-11 22:28:50.673000+00:00,8,20-30 years,Male,3-6 years,Bangalore,Full time,Manager,No,,,0,10,0,2,2,1,3,0,2,1,3,0,Strongly Agree,Agree,Agree,Strongly Agree,Disagree,Agree,Agree,Strongly Disagree,Agree,Strongly Agree,2,0,2,2,1,0,1,3,1,1,Bangalore,Bangalore,Bangalore (Unspecified),exact Bangalore mapping: Bangalore (Unspecified),bangalore,Hard mineral deposit on the teeth,0,A soft film of bacteria and food debris,0,Bleeding gums while brushing,1,Poor brushing technique,0,Gum disease,1,Processed sugary foods and drinks,1,Vitamin C,1,It can contribute to heart disease and diabetes,1,Development of gum disease due to inflammation,1,Orthodontics,0,6,60.0,4,3,3,4,3,3,3,4,3,4,34,85.0,Once a day,1,Circular,3,Medium,1,Both morning and night,3,1-3 minutes,3,"Yes, everytime",3,Dental floss,2,When bristles wear out,2,0-6 months ago,3,No,3,24,80.0,-20.0,5.0
2026-03-11 23:31:37.947000+00:00,144,20-30 years,Female,6-10 years,Chennai,Full time,Project manager,No,,,0,10,1,3,2,1,3,0,2,1,3,2,Agree,Disagree,Agree,Agree,Disagree,Agree,Agree,Disagree,Disagree,Agree,0,0,0,0,1,0,0,0,3,1,Outside Bangalore,Chennai,Chennai,outside Bangalore or no Bangalore marker,chennai,A soft film of bacteria and food debris on the teeth,1,Protective layer on the enamel,0,Bleeding gums while brushing,1,Poor brushing technique,0,Gum disease,1,Processed sugary foods and drinks,1,Vitamin C,1,It can contribute to heart disease and diabetes,1,Development of gum disease due to inflammation,1,Periodontics,1,8,80.0,3,2,3,3,3,3,3,3,2,3,28,70.0,Twice a day,3,Circular,3,Soft,3,Only morning,1,1-3 minutes,3,"Yes, everytime",3,Tongue scraper,1,Once in 3 months,3,More than a year,1,No,3,24,80.0,0.0,-10.0
2026-03-12 00:01:13.428000+00:00,8,30-40 years,Female,6-10 years,Bangalore,Full time,MTS,No,,,0,10,0,0,3,1,3,2,2,0,0,2,Agree,Agree,Agree,Agree,Agree,Agree,Agree,Agree,Agree,Agree,0,2,0,3,2,3,0,3,3,3,Bangalore,Bangalore,Bangalore (Unspecified),exact Bangalore mapping: Bangalore (Unspecified),bangalore,Hard mineral deposit on the teeth,0,Hard mineral deposit on the teeth,1,Jaw pain,0,Poor brushing technique,0,Gum disease,1,Dairy products,0,Vitamin C,1,It boosts immunity,0,Increased salivary flow,0,Periodontics,1,4,40.0,3,3,3,3,2,3,3,2,3,3,28,70.0,Twice a day,3,Horizontal,0,Soft,3,After lunch and breakfast,2,3-5 minutes,2,Only after dinner,1,Tongue scraper,1,When bristles wear out,2,More than a year,1,Have quit,2,17,56.666666666666664,-16.666666666666664,13.333333333333336
